Nombre de la empresa,Fecha de ingreso,Oficina Registral,Objeto social,Propietarios
26 de México,30/07/1992,"Juárez, Chihuahua",Actividades de promoción y publicidad.,Alejandro Víctor González Bernal
26 de México,30/07/1992,"Juárez, Chihuahua",Actividades de promoción y publicidad., Martín Silva
26 de México,30/07/1992,"Juárez, Chihuahua",Actividades de promoción y publicidad., Ángel Beltrán
26 de México,30/07/1992,"Juárez, Chihuahua",Actividades de promoción y publicidad., Luz A. Candelaria
26 de México,30/07/1992,"Juárez, Chihuahua",Actividades de promoción y publicidad., Richard A. Nájera
26 de México,30/07/1992,"Juárez, Chihuahua",Actividades de promoción y publicidad., Mary Pince
26 de México,30/07/1992,"Juárez, Chihuahua",Actividades de promoción y publicidad., Gus Rallis
26 de México,30/07/1992,"Juárez, Chihuahua",Actividades de promoción y publicidad., George Salom
26 de México,30/07/1992,"Juárez, Chihuahua",Actividades de promoción y publicidad., Canal 26 de México.
"Aalianza Ingeniería y Construcción
",40152,"Chihuahua, Chihuahua",Operaciones destinadas a la industria.,Manuel Antonio González Manjarrez
"Aalianza Ingeniería y Construcción
",40152,"Chihuahua, Chihuahua",Operaciones destinadas a la industria., Homero Humberto Hernández Granados
"Aalianza Ingeniería y Construcción
",40152,"Chihuahua, Chihuahua",Operaciones destinadas a la industria., Rubén Alonso García Sapién.
Abastecedora de Fierro y Acero.,31/01/2005,"Chihuahua, Chihuahua",Comprar y vender materiales para estructuras insdustriales,Mauricio Hernández Álvarez
Abbud y Asociados Construcciones,35165,"Juárez, Chihuahua",Construcción y urbanización de fraccionamientos,Omar Adlai Abbud Lozoya
Abbud y Asociados Construcciones,35165,"Juárez, Chihuahua",Construcción y urbanización de fraccionamientos, Ashmed Haim Abbud Lozoya
Accesorios y Consumible de México,38329,"Juárez, Chihuahua",Distribución y almacenaje de equipos de copiado.,Odila Cortez Verduzco
Accesorios y Consumible de México,38329,"Juárez, Chihuahua",Distribución y almacenaje de equipos de copiado., Jesús Díaz de León
Accesorios y Consumible de México,38329,"Juárez, Chihuahua",Distribución y almacenaje de equipos de copiado., Juan José Huerta Flores
Accesorios y Consumible de México,38329,"Juárez, Chihuahua",Distribución y almacenaje de equipos de copiado., Félix Flores Flores
Acru Comercializadora,21/05/2015,"Juárez, Chihuahua","Equipos de cómputo, eléctricos y electrónicos.",José Acevedo Iturriaga
Acru Comercializadora,21/05/2015,"Juárez, Chihuahua","Equipos de cómputo, eléctricos y electrónicos.", Denise Ruiz Ugalde
Agencia de Viajes Soleil,35107,"Juárez, Chihuahua",Intermediaria entre turistas,Óscar Arturo Baca Loya
Agencia de Viajes Soleil,35107,"Juárez, Chihuahua",Intermediaria entre turistas, Ana Laura García Arnet
Agencia de Viajes Soleil,35107,"Juárez, Chihuahua",Intermediaria entre turistas, Lauda Aida Baca Loya
Ai Grupo Desarrollador y Constructor,41762,"Juárez, Chihuahua",Lotificación y urbanización.,Fernando Suárez Cerón
Ai Grupo Desarrollador y Constructor,41762,"Juárez, Chihuahua",Lotificación y urbanización., Mario Fernando Suárez Pérez
Almacenes Distribuidores de la Frontera,28863,"Juárez, Chihuahua","Productos alimenticios, vinos y licores.",Fernando A. Borreguero
Almacenes Distribuidores de la Frontera,28863,"Juárez, Chihuahua","Productos alimenticios, vinos y licores.", Yolanda Angulo de Garza
Almacenes Distribuidores de la Frontera,28863,"Juárez, Chihuahua","Productos alimenticios, vinos y licores.", Angela Borreguero de Fernández
Almacenes Distribuidores de la Frontera,28863,"Juárez, Chihuahua","Productos alimenticios, vinos y licores.", Marcelino Garza Arizpe
Almacenes Distribuidores de la Frontera,28863,"Juárez, Chihuahua","Productos alimenticios, vinos y licores.", María Guadalupe Arizpe de la Vega.
Angrylon Comer,42065,"Puebla, Puebla
",Importación y exportación de toda clase de mercancía.,Arizbeth Rugerio Méndez
Angrylon Comer,42065,"Puebla, Puebla
",Importación y exportación de toda clase de mercancía., Karla Rugerio Méndez
Arquitectura e Ingeniería S y CH,37114,"Juárez, Chihuahua",Urbanización y desarrollo de inmuebles habitacionales,Raúl Chávez Suárez
Arquitectura e Ingeniería S y CH,37114,"Juárez, Chihuahua",Urbanización y desarrollo de inmuebles habitacionales, Fernando Suárez Cerón
Auto Camiones de Chihuahua,24/09/1957,"Chihuahua, Chihuahua",Compra y vente de automóviles usados y refacciones,Esteban Almeida Salas
Auto Camiones de Chihuahua,24/09/1957,"Chihuahua, Chihuahua",Compra y vente de automóviles usados y refacciones, Manuel Gómez Domínguez
Auto Camiones de Chihuahua,24/09/1957,"Chihuahua, Chihuahua",Compra y vente de automóviles usados y refacciones, Francisco Gómez
Auto Camiones de Chihuahua,24/09/1957,"Chihuahua, Chihuahua",Compra y vente de automóviles usados y refacciones, Carlos Salas
Automotores Tokio,22/10/1998,"Chihuahua, Chihuahua",Automóviles de pasajeros y camiones de carga.,Margarita Patricia Fierro Shelton
Automotores Tokio,22/10/1998,"Chihuahua, Chihuahua",Automóviles de pasajeros y camiones de carga., Víctor Manue Cruz Fierro
Automotores Tokio,22/10/1998,"Chihuahua, Chihuahua",Automóviles de pasajeros y camiones de carga., Mónica Patricia Cruz Fierro
Autotransporte Nueva Generación Ailyn,18/11/2016,"Juárez, Chihuahua",servicio público de transporte urbano y semi-urbano de pasajeros,Luis Carlos Ramírez Acosta
Autotransporte Nueva Generación Ailyn,18/11/2016,"Juárez, Chihuahua",servicio público de transporte urbano y semi-urbano de pasajeros, Efraín Herrera Torres
Bari Negocios,39239,"Juárez, Chihuahua",Productos electrodomésticos y electrónicos,Arturo Balderas Ortega
Bari Negocios,39239,"Juárez, Chihuahua",Productos electrodomésticos y electrónicos, Alma Rosa Ríos Grajeda
Brokers Servicios Integrales,17/10/2005,"Villagrán, Tamaulipas","Servicios de limpieza, plomería, albañilería y jardinería.",Germán Gutiérrez Badillo
Brokers Servicios Integrales,17/10/2005,"Villagrán, Tamaulipas","Servicios de limpieza, plomería, albañilería y jardinería.", Gustavo Gerardo Alvarado Lozano
BYM Industrial,36256,"Juárez, Chihuahua","Compraventa de herramientas, artículos, material y equipo eléctrico, hidraúlico, sanitario, ferreteria. Realiza proyectos e instalaciones eléctricas.",Francisco Javier Matamoros Aguirre. Tomas Aguilera Baca. Francisco Aguilera Baca.
Cactus Traffic,38693,"Chihuahua, Chihuahua","Diseño e instalación de equipos para la señalización vial y el control de tránsito convencional y computarizado en calles, avenidas y carreteras.",Sergio Arreola Quintana. Margarita Almanza Alarcón.
Cadisa,35810,"Torreón, Coahuila de Zaragoza","Fabricar, ensamblar, distribuir, reparar, vender, arrendar bienes muebles de la industria automovílistica.",Guillermo Amarante Leal. José Amarant Utibe. Armanduian Quintero Amarante. Luis Guillermop Amarante1 Utibe.
Caminos y Desarrollos Urbanos,37026,"Juárez, Chihuahua","Planear, urbanizar, desarrollar, construir o vender toda clase de bienes inmuebles por cuenta propia o ajena.",Luz Elena Mota Caballero. Maximiliano Caballero López
Camionera de Chihuahua,38286,"Chihuahua, Chihuahua",Compa y venta de todo tipo de vehículos. Compra venta de de refacciones y accesorios para para toda clase fde vehículos.,Roberto Enrique Cano Barraza. Javier Mijares Solares. Mónica Patricia Cruz Fierro. Manuel Víctor Cruz Fierro. Víctor Manuel Cruz Fierro. Patricia Margarita Fierro Shelton.
Caper Elaboración y Distribución,39924,"Chihuahua, Chihuahua","Fabricar, industrializar, vender, adquirir y distribuir productos agrícolas, agropecuarios, agroindustriales, alimenticios, electrónicos, y maquinaria.",Luis Enrique Cano Chávez. Laura Leticia Cano Chávez. Virginia Esther Cano Chávez. Luis Enrique Cano Pérez. Melissa Marcela Cano Pérez. Melinda Margarita Pérez Chavarria.
Cardello de México,37755,"León, Guanajuato","Compra venta, distribución, almacenaje y transformación de todo tipo de materiales para la contrucción. Diseño y proyecto de construcción de casas.",Giuseppe Cardello Bruzzi. Yolanda Vallejo Gónzalez.
Carmona Impresores,38096,"Torreón, Coahuila de Zaragoza","Imprimir todo tipo de formas de pagos, recibos, revistas, boletos, periódicos.",Oscar Carmona Nuñez. Leticia Martina Carmona Nuñez.
CCP de Juárez,40287,"Juárez, Chihuahua","Prestación de servicios para el control de plagas urbanas. Diseñar estudios de mercado, encuestas y sondeos.",Gustavo Corral Compeán. Roberto Corral Compeán. Federico Corral Compeán. Leonardo Corral Compeán. Federica Corral Rodríguez. Leonor Compeán Puente.
Centro de Convenciones Cibeles,33416,"Juárez, Chihuahua","El establecimiento y explotación de salones para conferencias y toda clase de eventos. Fiestas, bailes, reuniones. Explotación de bares y restaurantes.",Marcia Paola Zaragoza Delgado. Guadalupe Delgado Varela de Zaragoza. David Eduardo Alonso Domínguez. Lourdes Domínguez Arvizo de Alonso. Adriana Rodríguez Davalos de Sánchez. Oscar Rodíguez Loya.
Certus Aplicaciones Digitales,40407,"Atotonilco el Alto, Jalisco","Asesoria y prestación de servicios digitales de voz, datos y vídeo.",Michel Saide Segebre. Yolanda Isabel Fernandez Aldaz. Jesús Alfonso Fernandez Espino. Ricardo Cordero Zavala. Mario Arnulfo Nuño Guitron. Mario Alberto Avelar Aguirre. León Antonio Joannis Ortíz. Carlos Jesús Serafin Torres.
Cía. Periodística del Sol de Chihuahua,38463,México,"Edición, publicación, venta y comercio de periódicos, libros, revistas y toda clase de publicaciones. Explotación de servicios editoriales, contratación y venta en efectivo y en especie de publicidad. Contratación de anuncios para periódicos.",Mario Vazquez Raña. Francisca Ramos Ramos. Rocio Aguilar Darriba. Antonio Aguilar Darriba. Rogelio Castañeda Espinosa de los Monteros.
Clima Control Ambiental y Servicios Auxiliares,41701,"Chihuahua, Chihuahua","Fabricar, comprar, vender, distribuir, toda clase de productos metálicos, electricos, electrónicos, electromecánicos.",Javier Bernardo Liguori Cuilty. Francisco Javier Liguori Piñon.
CNC Logistics,41298,"Juárez, Chihuahua","Prestar el servicio a todo tipo de transporte de carga. Transporte, arrastre y traslado de todo tipo de remolques. Servicio de limpieza y recolección de materiales y reciclado.",Carlos Eduardo Chavéz Tarrio. Joel Osvaldo Guajardo Gandarilla.
Comecializadora Geodax,15/05/2016,"Monterrey, Nuevo León","Compra, venta, fabricación, comisión, consignación, representación, maquila, importación y exportación de todo tipo de efectos de comercio, entre los que se incluyen perecederos, granos, alimentos, artículos domésticos e industriales",Margot Guadalupe Coronado Ibarra
Comecializadora Geodax,15/05/2016,"Monterrey, Nuevo León","Compra, venta, fabricación, comisión, consignación, representación, maquila, importación y exportación de todo tipo de efectos de comercio, entre los que se incluyen perecederos, granos, alimentos, artículos domésticos e industriales", Brenda Cecilia Treviño Nava
Comercializadora Comyseg,40470,"Juárez, Chihuahua","Compra venta, fabrización, distribución y comercialización de todo tipo de productos, artículos y materiales. Prestación de servicios técnicos, profesionales, administrativos de consultoría y publicidad.",Sandra Lorena Castañeda Torres. Celso Castañeda Torres.
Comercializadora Drop,41625,"Juárez, Chihuahua","Fabricación, distribución, importación, exhibición y promoción de todo tipo de calzado, vestuario, equipos y accesorios propios para el ejército, la marina, la fuerza áerea, polícia de todos los niveles y ámbitos. Elementos para seguridad privada, protección civil, bomberos, cruz roja.",José Manuel Martínez Lara. Juan Omar Martínez Urbina.
Comercializadora Integradora de Servicios Fronterizos de Ciudad Juárez,29/03/2010,"Juárez, Chihuahua","Importar, exportar, adquirir, enajenar y fronterizas toda clase de automóviles.",Iris Eunice Sigala Martínez
Comercializadora Integradora de Servicios Fronterizos de Ciudad Juárez,29/03/2010,"Juárez, Chihuahua","Importar, exportar, adquirir, enajenar y fronterizas toda clase de automóviles.", Dulce María Sigala Martínez
Comercializadora Integradora de Servicios Fronterizos de Ciudad Juárez,29/03/2010,"Juárez, Chihuahua","Importar, exportar, adquirir, enajenar y fronterizas toda clase de automóviles.", Silvia Azucena Martínez Pérez
Comercializadora Renandre,42011,"Juárez, Chihuahua","Venta, Arrendamiento ,producción de todo tiempo de bienes muebles.",Elian Gabriela Castillo Molina
Comercializadora Renandre,42011,"Juárez, Chihuahua","Venta, Arrendamiento ,producción de todo tiempo de bienes muebles.", Efraín Iván Castillo Molina
Comercializadora Richama,15/03/2015,"Juárez, Chihuahua",Servicios de limpieza de áreas interiores y exteriores.,Ricardo Alberto Flores Álvarez
Comercializadora Richama,15/03/2015,"Juárez, Chihuahua",Servicios de limpieza de áreas interiores y exteriores., Juan Manuel Álvarez González
Comercializadora Sisecom,23/08/2005,"Juárez, Chihuahua","Compra, venta, distribución de todo tipo de refacciones.",Guillermo Pacheco Chavira
Comercializadora Sisecom,23/08/2005,"Juárez, Chihuahua","Compra, venta, distribución de todo tipo de refacciones.", Alberto Galileo Morales Briones
Comercializadora Zypa,28/02/2017,"Juárez, Chihuahua",Comercialización de todo tipo de bienes y productos.,Yolanda Sandoval
Comercializadora Zypa,28/02/2017,"Juárez, Chihuahua",Comercialización de todo tipo de bienes y productos., Ana Alejandra Baca Ochoa
Comercio Básico,20/09/2010,"Juárez, Chihuahua","Compra, venta, distribución de artículos nacionales e importados.",Ricardo Enrique Yu Trueba
Comercio Básico,20/09/2010,"Juárez, Chihuahua","Compra, venta, distribución de artículos nacionales e importados.", Zaira Jahel Chávez Gutiérrez
Compañía Constructora Fronteriza,19/11/1991,"Juárez, Chihuahua",Diseño y construcción de productos arquitectónicos.,José Arnoldo Conteras Álvarez
Compañía Constructora Fronteriza,19/11/1991,"Juárez, Chihuahua",Diseño y construcción de productos arquitectónicos., José Luis Conteras Lara
Compañía Constructora Fronteriza,19/11/1991,"Juárez, Chihuahua",Diseño y construcción de productos arquitectónicos., Libia Guadalupe Lara Lara
Compañía Constructora Fronteriza,19/11/1991,"Juárez, Chihuahua",Diseño y construcción de productos arquitectónicos., Manuel Gilberto Conteras Álvarez
Compuplace,18/09/2006,"Chihuahua, Chihuahua","Venta, compra, distribución de equipo computacional.",Adriana Flores Álvarez
Compuplace,18/09/2006,"Chihuahua, Chihuahua","Venta, compra, distribución de equipo computacional."," Yadhira Nazarena Aragón Ruiz 
"
Construcciones y Concretos Duva,25/04/2012,"Parral, Chihuahua","Compra, renta, comecializacion de maquinaria pesada.",José Ernesto Durán Herrera
Construcciones y Concretos Duva,25/04/2012,"Parral, Chihuahua","Compra, renta, comecializacion de maquinaria pesada.", Gladys Yazmín Durán Varela
Construcciones y Concretos Duva,25/04/2012,"Parral, Chihuahua","Compra, renta, comecializacion de maquinaria pesada.", Miriam Durán Varela
Construcciones y Concretos Duva,25/04/2012,"Parral, Chihuahua","Compra, renta, comecializacion de maquinaria pesada.", José Ernesto Durán Varela
Construcciones y Diseños Eco,40430,"Cuauhtémoc, Chihuahua","Construcción, diseño, proyección y dirección de obras.",José Remedios Salinas Márquez
Construcciones y Diseños Eco,40430,"Cuauhtémoc, Chihuahua","Construcción, diseño, proyección y dirección de obras.", Remedios Salinas Gutiérrez
Construcciones y Urbanizaciones MAD,17/09/2009,"Juárez, Chihuahua",Construcción en general.,Mauro César Álvarez Acosta
Construcciones y Urbanizaciones MAD,17/09/2009,"Juárez, Chihuahua",Construcción en general., Concepción Delgado Guerrero
Constructodo de Juárez,42645,"Juárez, Chihuahua","Construcción de toda clase de edificios, casas comerciales y de habitación.",Justo García Arroyos
Constructodo de Juárez,42645,"Juárez, Chihuahua","Construcción de toda clase de edificios, casas comerciales y de habitación."," María Guadalupe Montoya Nuñez 
"
Constructora Anglo,34521,"Juárez, Chihuahua","Planeación, desarrollo, transformación, urbanización y lotificación de fraccionamientos.",José Luis Anguiano Ochoa
Constructora Anglo,34521,"Juárez, Chihuahua","Planeación, desarrollo, transformación, urbanización y lotificación de fraccionamientos.", Víctor Manuel Anguiano Ochoa
Constructora de Obra y Urbanización,39943,"Juárez, Chihuahua",Construcción de toda clase de obras civiles,Efraín del Pardo Salais
Constructora de Obra y Urbanización,39943,"Juárez, Chihuahua",Construcción de toda clase de obras civiles, Hila Isela Belmontes Henriquez-Luz
Constructora de Obra y Urbanización,39943,"Juárez, Chihuahua",Construcción de toda clase de obras civiles, Efraín del Pardo
Constructora Desarrollo Excepcional,19/12/2001,"Monterrey, Nuevo Leon",Desarrollo y Ejecución de Proyectos y Construcciones en general,José Mier Maíz
Constructora Desarrollo Excepcional,19/12/2001,"Monterrey, Nuevo Leon",Desarrollo y Ejecución de Proyectos y Construcciones en general, José Maiz García
Constructora Desarrollo Excepcional,19/12/2001,"Monterrey, Nuevo Leon",Desarrollo y Ejecución de Proyectos y Construcciones en general, Gerardo Alejandro Maíz Garcia
Constructora Desarrollo Excepcional,19/12/2001,"Monterrey, Nuevo Leon",Desarrollo y Ejecución de Proyectos y Construcciones en general, Ricardo Javier Maíz Garcia
Constructora Desarrollo Excepcional,19/12/2001,"Monterrey, Nuevo Leon",Desarrollo y Ejecución de Proyectos y Construcciones en general, Carlos Francis Maíz García
Constructora Desarrollo Excepcional,19/12/2001,"Monterrey, Nuevo Leon",Desarrollo y Ejecución de Proyectos y Construcciones en general, Raul Verduzco Villegas
Constructora Desarrollo Excepcional,19/12/2001,"Monterrey, Nuevo Leon",Desarrollo y Ejecución de Proyectos y Construcciones en general, Olga Garza Amatto
Constructora Eléctrica Fer,19/09/1981,"Juárez, Chihuahua","Diseño, supervisión y construcción de instalaciones eléctricas",José Refugio de Luna Santana
Constructora Eléctrica Fer,19/09/1981,"Juárez, Chihuahua","Diseño, supervisión y construcción de instalaciones eléctricas", Alicia Arroyo Rosales
Constructora Eléctrica Fer,19/09/1981,"Juárez, Chihuahua","Diseño, supervisión y construcción de instalaciones eléctricas", José Octavio Oseguera García
Constructora Eléctrica Fer,19/09/1981,"Juárez, Chihuahua","Diseño, supervisión y construcción de instalaciones eléctricas", Enrique Jorge Fernández Huerta
Constructora Eléctrica Fer,19/09/1981,"Juárez, Chihuahua","Diseño, supervisión y construcción de instalaciones eléctricas", José Luis Gallegos
Constructora Figosa,38664,"Chihuahua, Chihuahua","Compraventa, importación y exportación de maquinaria pesada",María de los Ángeles González Pérez
Constructora Figosa,38664,"Chihuahua, Chihuahua","Compraventa, importación y exportación de maquinaria pesada", Óscar Alberto Fierro González
Constructora y Arrendadora Censol,37136,"Chihuahua, Chihuahua",Industria de la Construcción en general,Carlos Guillén Reza
Constructora y Arrendadora Censol,37136,"Chihuahua, Chihuahua",Industria de la Construcción en general, Enrique Adrián Solano Sánchez-Aldana
Constructora y Proveedora Fuentes,15/08/1974,"Juárez, Chihuahua","Actividades relacionadas con la industria de la construcción, urbanización y fraccionamiento",Rosa María Ganar García
Constructora y Proveedora Fuentes,15/08/1974,"Juárez, Chihuahua","Actividades relacionadas con la industria de la construcción, urbanización y fraccionamiento", Valentín Fuentes Varela
Constructora y Proveedora Fuentes,15/08/1974,"Juárez, Chihuahua","Actividades relacionadas con la industria de la construcción, urbanización y fraccionamiento", Elma Tellez Varela
Constructora y Proveedora Fuentes,15/08/1974,"Juárez, Chihuahua","Actividades relacionadas con la industria de la construcción, urbanización y fraccionamiento", Valentín Augusto Fuentes
Constructora y Proveedora Fuentes,15/08/1974,"Juárez, Chihuahua","Actividades relacionadas con la industria de la construcción, urbanización y fraccionamiento", Eduardo Fuentes Varela
Control Scientific,36323,"Monterrey, Nuevo León","Fabricación y distribución de reactivos químicos, material de curación, instrumental médico y quirúrgico",José María Ricardo Macías López
Control Scientific,36323,"Monterrey, Nuevo León","Fabricación y distribución de reactivos químicos, material de curación, instrumental médico y quirúrgico", Irma Yolanda Galindo Rodríguez
Control y Producción Mediática,23/01/2012,"Juárez, Chihuahua",Prestación de servicios de producción de medios de comunicación privadas o del sector público,Ángel Eduardo Otero Calderón
Control y Producción Mediática,23/01/2012,"Juárez, Chihuahua",Prestación de servicios de producción de medios de comunicación privadas o del sector público, Arturo Ruiz del Hierro
Copilaser del Norte,24/11/1993,"Juárez, Chihuahua","Compra, venta mantenimiento de toda clase de equipo de copias",Mariela Pascual Rivas
Copilaser del Norte,24/11/1993,"Juárez, Chihuahua","Compra, venta mantenimiento de toda clase de equipo de copias", Jesús Manuel Baca Servín
Copilaser del Norte,24/11/1993,"Juárez, Chihuahua","Compra, venta mantenimiento de toda clase de equipo de copias", Luis Pascual Rivas
Corporación Hotelera de la Frontera,31/03/1995,"Juárez, Chihuahua","Toda clase de negocios y contratos con edificios destinados a moteles, hoteles, apartamentos",Rogelio Ramos Guevara
Corporación Hotelera de la Frontera,31/03/1995,"Juárez, Chihuahua","Toda clase de negocios y contratos con edificios destinados a moteles, hoteles, apartamentos", Sara Blanco Serrano
Corporación Hotelera de la Frontera,31/03/1995,"Juárez, Chihuahua","Toda clase de negocios y contratos con edificios destinados a moteles, hoteles, apartamentos", Rogelio Ramos Espinosa
Corporación Termodinámica de México,34555,"Juárez, Chihuahua","Toda clase de servicios en materia de ingeniera mecánica, eléctrica y electrónica",Benjamín Pérez Escoto
Corporación Termodinámica de México,34555,"Juárez, Chihuahua","Toda clase de servicios en materia de ingeniera mecánica, eléctrica y electrónica", Juan Ramón Chacón Rojo.
Desarrollos y Servicios Viva,17/07/1989,"Chihuahua, Chihuahua",Importar y exportar todo tipo de bienes,Jesús José Rubio Moriel
Desarrollos y Servicios Viva,17/07/1989,"Chihuahua, Chihuahua",Importar y exportar todo tipo de bienes, Juan Francisco Corral Lozano
Desarrollos y Servicios Viva,17/07/1989,"Chihuahua, Chihuahua",Importar y exportar todo tipo de bienes, Guillermo Eduardo Valles Arvelais
Desarrollos y Servicios Viva,17/07/1989,"Chihuahua, Chihuahua",Importar y exportar todo tipo de bienes, Ana Maria Ramos Estrada
Desarrollos y Servicios Viva,17/07/1989,"Chihuahua, Chihuahua",Importar y exportar todo tipo de bienes, Ricardo Valles Arvelais
Díaz Gas,34128,"Juárez, Chihuahua",Venta de petrolíferos suministrados por petróleo mexicano Pemex,Luis Carlos Díaz Villalobos
Díaz Gas,34128,"Juárez, Chihuahua",Venta de petrolíferos suministrados por petróleo mexicano Pemex, Adrián Humberto Díaz Villalobos
Díaz Gas,34128,"Juárez, Chihuahua",Venta de petrolíferos suministrados por petróleo mexicano Pemex, Alejandro Díaz Villalobos
Disa Integración de Sistemas Tecnológicos de México,31/08/2017,"Juárez, Chihuahua","Adquisición, venta, arrendamiento y reparación de sistemas de peaje",Fabián Díaz Salcedo
Distribuidora Eléctrica e Industrial de Juárez,13/04/2005,"Juárez, Chihuahua","Compra, venta y distribución de artículos y materiales eléctricos",María Esther Aviña Andrade
Distribuidora Eléctrica e Industrial de Juárez,13/04/2005,"Juárez, Chihuahua","Compra, venta y distribución de artículos y materiales eléctricos", Nemesio Alfredo Herrera Hernández
DYM Ingenieros Constructores,38968,"Juárez, Chihuahua",Actividades relacionadas con la industria de la construcción,Javier Muñoz Sánchez
Eco Insumos Industriales,29/06/2016,"Juárez, Chihuahua","Compra, venta, distribución de artículos y materiales de ferretería y tlapalería",José Antonio Cazares Pérez
Eco Insumos Industriales,29/06/2016,"Juárez, Chihuahua","Compra, venta, distribución de artículos y materiales de ferretería y tlapalería", Ramón Sosa Galán
Ecoo Espacios Publicitarios,42163,"Chihuahua, Chihuahua","Servicios profesionales de diseño gráfico, manejar de imagen, fotografía, Desarrollos web, Impresiones",Velia Carolina Villaseñor Castellanos
Ecoo Espacios Publicitarios,42163,"Chihuahua, Chihuahua","Servicios profesionales de diseño gráfico, manejar de imagen, fotografía, Desarrollos web, Impresiones", Ricardo Alberto Flores Álvarez
Editorial e Imagen Pública,16/03/2010,"Juárez, Chihuahua",Publicidad en medios de comunicación,José Luis Mauricio Esparza
Editorial e Imagen Pública,16/03/2010,"Juárez, Chihuahua",Publicidad en medios de comunicación, Angélica Ramírez Morales
Editorial Nota Uno,25/07/2008,"Chihuahua, Chihuahua",Proporcionar servicios de información digital al público en general,César Armando Delgado Hernández
Editorial Nota Uno,25/07/2008,"Chihuahua, Chihuahua",Proporcionar servicios de información digital al público en general, Alberto Delgado Hernández
Eléctrica Milec,30021,"Juárez, Chihuahua","Compra, venta y distribución de todo tipo de material eléctrico.",José Eduardo Milán Montenegro
Eléctrica Milec,30021,"Juárez, Chihuahua","Compra, venta y distribución de todo tipo de material eléctrico.", Josefina Guerrero Luna
Eléctrica Milec,30021,"Juárez, Chihuahua","Compra, venta y distribución de todo tipo de material eléctrico.", Sara María Guerrero Luna
Eléctrica Milec,30021,"Juárez, Chihuahua","Compra, venta y distribución de todo tipo de material eléctrico.", Dario Reyes Bernal
Eléctrica Milec,30021,"Juárez, Chihuahua","Compra, venta y distribución de todo tipo de material eléctrico.", José Francisco de Alba González
Electriluz,14/02/1996,"Aldama, Chihuahua","Compra, venta de equipo eléctrico, industrial y comercial para la construcción",Eliseo Ontiveros López
Electriluz,14/02/1996,"Aldama, Chihuahua","Compra, venta de equipo eléctrico, industrial y comercial para la construcción", Elías Isaac Ontiveros López
Electrorika,36801,"Juárez, Chihuahua",Distribución de agua purificada a granel y envasada.,César Octavio López García
Electrorika,36801,"Juárez, Chihuahua",Distribución de agua purificada a granel y envasada., Katia Carmona López
Empresarial Duaglo,19/02/1999,"Juárez, Chihuahua","Fabricación, distribución y venta de uniformes, marcas y sus derivados.",Pedro Gerardo Aguilar González
Empresarial Duaglo,19/02/1999,"Juárez, Chihuahua","Fabricación, distribución y venta de uniformes, marcas y sus derivados.", Antonio López Ramírez
Energía Natural Móvil,14/06/2012,"Juárez, Chihuahua",Comercialización de gas natural comprimido.,José Ignacio Zabalegui Rodríguez
Energía Natural Móvil,14/06/2012,"Juárez, Chihuahua",Comercialización de gas natural comprimido., Energía Ecológica Natural S. A. de C. V.
Equipos Hidromecánicos,39181,"Azcapotzalco, Distrito Federal","Compra, reparación y fabricación de equipo hidráulico",José Manuel Castro Salinas
Equipos Hidromecánicos,39181,"Azcapotzalco, Distrito Federal","Compra, reparación y fabricación de equipo hidráulico", Joel Llamas Reyes
Equipos Hidromecánicos,39181,"Azcapotzalco, Distrito Federal","Compra, reparación y fabricación de equipo hidráulico", María Susana Vargas Vázquez
Equipos Hidromecánicos,39181,"Azcapotzalco, Distrito Federal","Compra, reparación y fabricación de equipo hidráulico", María Antonieta Flores Reyes
Espacios Comerciales Juárez,17/07/2007,"San Pedro Garza García, Nuevo León","Desarrollo, Urbanización, División y lotificación",Desarrollos de Espacios Comerciales S.A. de C.V. y AV Promotora S.A. de C.V.
Evento y Equipo Fino de Chihuahua,40725,"Juárez, Chihuahua",Artículos para fiestas y celebraciones,Paola Rojas Lozano
Evento y Equipo Fino de Chihuahua,40725,"Juárez, Chihuahua",Artículos para fiestas y celebraciones, Monica Lorena Rojas Lozano
Exhibit Chihuahua,20/06/2012,"Chihuahua, Chihuahua","Productos metálicos, no metálicos, metalmecánicos, plásticos, textiles, eléctricos y electrónicos.",Mario Enrique Dávila Rivas
Exhibit Chihuahua,20/06/2012,"Chihuahua, Chihuahua","Productos metálicos, no metálicos, metalmecánicos, plásticos, textiles, eléctricos y electrónicos.", Homer Yahve Durán Aguirre
Exhibit Chihuahua,20/06/2012,"Chihuahua, Chihuahua","Productos metálicos, no metálicos, metalmecánicos, plásticos, textiles, eléctricos y electrónicos.", Carlos Mauricio Fajardo Sáenz
Ferretería El Surtidor de Ciudad Juárez,36198,"Juárez, Chihuahua","Compra, venta de equipo eléctrico mecánico",Ivette Adriana Flores Castillo
Ferretería El Surtidor de Ciudad Juárez,36198,"Juárez, Chihuahua","Compra, venta de equipo eléctrico mecánico", Irma Castillo Castillo
Ferretería El Surtidor de Ciudad Juárez,36198,"Juárez, Chihuahua","Compra, venta de equipo eléctrico mecánico", Mónica Flores Castillo
Ferretería El Surtidor de Ciudad Juárez,36198,"Juárez, Chihuahua","Compra, venta de equipo eléctrico mecánico", Marco Aurelio Flores Villanueva
Furbus de México,25/02/2015,"León, Guanajuato",Materiales para la construcción en general.,Francisco Hernández Roldán
Furbus de México,25/02/2015,"León, Guanajuato",Materiales para la construcción en general., Blanca Margarita Oliva Vallejos
Gas Natural de Juárez,30/10/1964,"Juárez, Chihuahua",Instalación de líneas para distribución y venta de gas natural,Alfonso Caraveo Orozco
Gas Natural de Juárez,30/10/1964,"Juárez, Chihuahua",Instalación de líneas para distribución y venta de gas natural, Mario Chagoya Gamboa
Gas Natural de Juárez,30/10/1964,"Juárez, Chihuahua",Instalación de líneas para distribución y venta de gas natural, Rubén Chávez
Gas Natural de Juárez,30/10/1964,"Juárez, Chihuahua",Instalación de líneas para distribución y venta de gas natural, Villalobos
Gas Natural de Juárez,30/10/1964,"Juárez, Chihuahua",Instalación de líneas para distribución y venta de gas natural, Gloria Alcazar Escobar de Camacho
Gas Natural de Juárez,30/10/1964,"Juárez, Chihuahua",Instalación de líneas para distribución y venta de gas natural, Graciano Caraveo Caraveo
Geopav,42616,"Chihuahua, Chihuahua","Construcciones de vivienda, industriales o especiales",Luis Fernando Gardea García
Geopav,42616,"Chihuahua, Chihuahua","Construcciones de vivienda, industriales o especiales", María Guadalupe Rey Martínez.
Geyser,28/06/1999,"Juárez, Chihuahua",Obras relaciones con bienes inmuebles de carácter urbano,Humberto Máynez Garza
Geyser,28/06/1999,"Juárez, Chihuahua",Obras relaciones con bienes inmuebles de carácter urbano, Arturo López Ortega
Gran Auto Juárez,29/08/2014,"Juárez, Chihuahua","Comercialización en general de todo tipo de automóviles, camiones, motos y tractocamiones",Alfonso Delgado Rodríguez
Gran Auto Juárez,29/08/2014,"Juárez, Chihuahua","Comercialización en general de todo tipo de automóviles, camiones, motos y tractocamiones", Dora Olivia Macías Dozal
Grúas Servicios del Norte,17/03/1983,"Juárez, Chihuahua",Autotransportes de carga especializada.,David Eduardo Cueva Pizarro
Grúas Servicios del Norte,17/03/1983,"Juárez, Chihuahua",Autotransportes de carga especializada., Jaime Gustavo Cueva Pizarro
Grúas Servicios del Norte,17/03/1983,"Juárez, Chihuahua",Autotransportes de carga especializada., María Eugenia Josefina Cueva Pizarro
Grúas Servicios del Norte,17/03/1983,"Juárez, Chihuahua",Autotransportes de carga especializada., Jesús Alberto Cueva Pizarro
Grúas Servicios del Norte,17/03/1983,"Juárez, Chihuahua",Autotransportes de carga especializada., Elba Esperanza Pizarro Villalobos.
Grupo Asesor en Innovación Tecnológica y Educativa,40433,"Juárez, Chihuahua",Proyectos de carácter tecnológico y educativo.,Carlos Aarón Hernández Jáuregui
Grupo Asesor en Innovación Tecnológica y Educativa,40433,"Juárez, Chihuahua",Proyectos de carácter tecnológico y educativo., Liliana Arroyo Ríos
Grupo Chávez Pimentel,22/03/2017,"Delicias, Chihuahua","Espectáculos, eventos, socios-culturales, asistencias, cívicos y deportivos",Iván Chávez Guaderrama
Grupo Chávez Pimentel,22/03/2017,"Delicias, Chihuahua","Espectáculos, eventos, socios-culturales, asistencias, cívicos y deportivos", Pamela Yadira Pimentel Urdiales.
Grupo Hageo,39539,"Juárez, Chihuahua",Productos de empaques para la industria y el comercio.,María Virginia Mariscal Elizalde
Grupo Hageo,39539,"Juárez, Chihuahua",Productos de empaques para la industria y el comercio., Jaime Marco Gabriel Flores Mariscal.
Grupo Icur,22/12/2011,"Juárez, Chihuahua","Compra, venta, manufactura, ensamble de refacciones",Alfredo Curiel Estrada
Grupo Icur,22/12/2011,"Juárez, Chihuahua","Compra, venta, manufactura, ensamble de refacciones", Arturo Curiel Estrada
Grupo Icur,22/12/2011,"Juárez, Chihuahua","Compra, venta, manufactura, ensamble de refacciones", Iván Reyes Álvarez.
Grupo Inteltráfico,41831,"Guadalajara, Jalisco",Equipos de telecomunicaciones.,Gustavo César Castillo González
Grupo Inteltráfico,41831,"Guadalajara, Jalisco",Equipos de telecomunicaciones., Alejandro Enrique Araujo Gómez
Grupo Koraachi,26/06/2017,"Juárez, Chihuahua","Bienes inmuebles, naves y terrenos industriales.",Jorge Quiñones Verduzco
Grupo Koraachi,26/06/2017,"Juárez, Chihuahua","Bienes inmuebles, naves y terrenos industriales.", Eduardo Maldonado Ávila.
Grupo Santone,40430,"Chihuahua, Chihuahua","Adquisición de terreno para fraccionarlos y urbanizarlos,",Enrique Alejandro Santoyo Nevárez
Grupo Santone,40430,"Chihuahua, Chihuahua","Adquisición de terreno para fraccionarlos y urbanizarlos,", Aida Ramos Venegas
Grupo Vegavi,41889,"Juárez, Chihuahua","Manufactura, fabricación, venta de todo tipo de refacciones.",Óscar Iván Ávila Blanco
Grupo Vegavi,41889,"Juárez, Chihuahua","Manufactura, fabricación, venta de todo tipo de refacciones.", Daniel Vega Villanueva
GSG Supplies,28/09/2011,"Juárez, Chihuahua",Equipos para laboratorios y consultorios.,Luis Ceballos Melendez
GSG Supplies,28/09/2011,"Juárez, Chihuahua",Equipos para laboratorios y consultorios., Norma Nelida Melendez Caro.
Hospitales de Juárez,27/06/1984,"Juárez, Chihuahua","Desarrollo de hospitales, clínicas y sanatorios",Angel David Franco Madrigal
Hospitales de Juárez,27/06/1984,"Juárez, Chihuahua","Desarrollo de hospitales, clínicas y sanatorios", Antonio Villalba Sosa
Hospitales de Juárez,27/06/1984,"Juárez, Chihuahua","Desarrollo de hospitales, clínicas y sanatorios", Armando Santini Villar
Hospitales de Juárez,27/06/1984,"Juárez, Chihuahua","Desarrollo de hospitales, clínicas y sanatorios", Jorge Alberto González Nava
Hospitales de Juárez,27/06/1984,"Juárez, Chihuahua","Desarrollo de hospitales, clínicas y sanatorios", Rafael Vázquez Aguilera
Hospitales de Juárez,27/06/1984,"Juárez, Chihuahua","Desarrollo de hospitales, clínicas y sanatorios", Francisco Luis Medina Nevárez
Hospitales de Juárez,27/06/1984,"Juárez, Chihuahua","Desarrollo de hospitales, clínicas y sanatorios", Mario Roberto Gil Acevedo
Hospitales de Juárez,27/06/1984,"Juárez, Chihuahua","Desarrollo de hospitales, clínicas y sanatorios", Óscar Héctor Fierro Villarreal
Hospitales de Juárez,27/06/1984,"Juárez, Chihuahua","Desarrollo de hospitales, clínicas y sanatorios", Carlos Montes García
Hospitales de Juárez,27/06/1984,"Juárez, Chihuahua","Desarrollo de hospitales, clínicas y sanatorios", Hugo Salvador Staines Orozco
Hospitales de Juárez,27/06/1984,"Juárez, Chihuahua","Desarrollo de hospitales, clínicas y sanatorios", Enrique Soto Canales
I Chispa de México,27/06/2014,"Juárez, Chihuahua","Compraventa, importación, exportación, diseño e impresión de todo tipo de artículos deportivos",Horacio Arras Díaz
I Chispa de México,27/06/2014,"Juárez, Chihuahua","Compraventa, importación, exportación, diseño e impresión de todo tipo de artículos deportivos", María Elena Salas Martos
Imagen en Comunicación e Información,39546,"Chihuahua, Chihuahua","Consultoría, asesoría en comunicación y publicidad en medios de comunicación.",Maria de Jesús Prado Calahorra
Imagen en Comunicación e Información,39546,"Chihuahua, Chihuahua","Consultoría, asesoría en comunicación y publicidad en medios de comunicación.", Nelly Judith Cruz Sáenz
Impresora Digital Puente Libre,39513,"Juárez, Chihuahua",Producción e impresión de artículos informativos y publicitarios.,Felipe de Jesus Fierro Alvídrez
Impresora Digital Puente Libre,39513,"Juárez, Chihuahua",Producción e impresión de artículos informativos y publicitarios., Guadalupe Serna Jasso.
Impulsora Promobien,15/10/1983,"Monterrey, Nuevo León","Equipos y aparatos electrónicos para uso doméstico, ropa, calzado, perfumería y prestamos personales en efectivo",*********
Industrial de Pinturas Volme,18/09/1986,Distrito Federal,Productos químicos relacionados con la industria.,Guillermo López Marín
Industrial de Pinturas Volme,18/09/1986,Distrito Federal,Productos químicos relacionados con la industria., José María Gómez Villaseñor
Industrial de Pinturas Volme,18/09/1986,Distrito Federal,Productos químicos relacionados con la industria., Margarita Ávila Ramírez
Industrial de Pinturas Volme,18/09/1986,Distrito Federal,Productos químicos relacionados con la industria., Maris Stella Zurita Soto
Industrial de Pinturas Volme,18/09/1986,Distrito Federal,Productos químicos relacionados con la industria., José Luis Marín Soto
Information Technology Staff,14/07/2006,"Chihuahua, Chihuahua",Productos y componentes para equipos de cómputo.,Jorge Márquez Murga
Information Technology Staff,14/07/2006,"Chihuahua, Chihuahua",Productos y componentes para equipos de cómputo., Claudia Verónica Herman Pérez
Ingeniería Eléctrica Aplicada del Norte,29/11/1996,"Juárez, Chihuahua","Equipos mecánicos, eléctricos e industriales.",Manuela Medrano Gallegos
Ingeniería Eléctrica Aplicada del Norte,29/11/1996,"Juárez, Chihuahua","Equipos mecánicos, eléctricos e industriales.", Angel Varela Varela
Ingeniería Eléctrica Aplicada del Norte,29/11/1996,"Juárez, Chihuahua","Equipos mecánicos, eléctricos e industriales.", Juliana Bencomo García
Ingeniería Eléctrica Aplicada del Norte,29/11/1996,"Juárez, Chihuahua","Equipos mecánicos, eléctricos e industriales.", Jaime Fernando Varela Bencomo.
Ingeniería en Manufacturas y Servicios,36316,"Juárez, Chihuahua",Servicios de ingeniería en todas sus modalidades.,Claudia María Matamoros Aguirre
Ingeniería en Manufacturas y Servicios,36316,"Juárez, Chihuahua",Servicios de ingeniería en todas sus modalidades., Guillermo Antonio Matamoros Aguirre.
Inmobiliaria Edromex,42958,"Juárez, Chihuahua","Comprar, vender, desarrollar y arrendar todo tipo de inmuebles",Rodrigo García Muñoz
Inmuebles y Construcciones Mayab,16/08/1988,"Juárez, Chihuahua","Lotificación, demolición, urbanización y similares",Enrique Barrio García
Inmuebles y Construcciones Mayab,16/08/1988,"Juárez, Chihuahua","Lotificación, demolición, urbanización y similares", Andrés Barrio Hierro
Inmuebles y Construcciones Mayab,16/08/1988,"Juárez, Chihuahua","Lotificación, demolición, urbanización y similares", Margarita García Mora
Inmuebles y Construcciones Mayab,16/08/1988,"Juárez, Chihuahua","Lotificación, demolición, urbanización y similares", José Odilón Hidalgo Molinar
Inmuebles y Construcciones Mayab,16/08/1988,"Juárez, Chihuahua","Lotificación, demolición, urbanización y similares", Regina Barrio García
Inmuebles y Construcciones Mayab,16/08/1988,"Juárez, Chihuahua","Lotificación, demolición, urbanización y similares", Jorge Alfonso Barrio García
Innovación Tecnológica Con Resultados Factibles Para Su Empresa,42979,"Chihuahua, Chihuahua","Servicios de equipos electrónicos, equipo de impresión, impresoras, insumos de computación",Jorge Andrés López Méndez
Innovación Tecnológica Con Resultados Factibles Para Su Empresa,42979,"Chihuahua, Chihuahua","Servicios de equipos electrónicos, equipo de impresión, impresoras, insumos de computación", José Antonio Ascencio Medrano
Innovación Tecnológica Con Resultados Factibles Para Su Empresa,42979,"Chihuahua, Chihuahua","Servicios de equipos electrónicos, equipo de impresión, impresoras, insumos de computación", César Emmanuel Rojas Rojas.
Intermedia de Juárez,28/10/1996,"Juárez, Chihuahua",Manejo de estaciones de radio y televisión.,Martha Alvídrez Sáenz
Intermedia de Juárez,28/10/1996,"Juárez, Chihuahua",Manejo de estaciones de radio y televisión., Arnoldo Cabada de la O.
Intez Empresarial,39941,"Juárez, Chihuahua",Refacciones automotrices.,Héctor Ernesto Espino de la Peña
Intez Empresarial,39941,"Juárez, Chihuahua",Refacciones automotrices., José Diharce Sáenz.
Jamzafiro Materiales,41254,"Juárez, Chihuahua","Productos de limpiezas, mecánicos o electromecánicos",Arnulfo Medina Domínguez
Jamzafiro Materiales,41254,"Juárez, Chihuahua","Productos de limpiezas, mecánicos o electromecánicos", Norma Inés Orozco
Laguera Construcciones,15/04/2005,"Chihuahua, Chihuahua",Construcciones y compraventa de bienes inmuebles,Ismael Mario Rodríguez Saldaña
Laguera Construcciones,15/04/2005,"Chihuahua, Chihuahua",Construcciones y compraventa de bienes inmuebles, Javier Cano Díaz.
Llaee Urbanización y Construcción,22/08/2012,"Juárez, Chihuahua",Colocación de concreto hidráulico,Argelia Verónica Reyes Villegas
Llaee Urbanización y Construcción,22/08/2012,"Juárez, Chihuahua",Colocación de concreto hidráulico, Armando Villalobos Reyes
Lumamexglo,40882,"Chihuahua, Chihuahua","Carga, desear, almacenamiento, envasado, embolsado, empacamiento y refrigeración de productos.",Javier Luján Valdés
Lumamexglo,40882,"Chihuahua, Chihuahua","Carga, desear, almacenamiento, envasado, embolsado, empacamiento y refrigeración de productos.", Kabir Cipirano Martínez Moriel.
Lumo Financiera del Centro,40582,Distrito Federal,Arrendamiento financiero y de vehículos,Luis Humberto Montaño García
Lumo Financiera del Centro,40582,Distrito Federal,Arrendamiento financiero y de vehículos, Juan Manuel Sánchez Reyes
Lumo Financiera del Centro,40582,Distrito Federal,Arrendamiento financiero y de vehículos, Ricardo Navarrete Longoria
Lumo Financiera del Centro,40582,Distrito Federal,Arrendamiento financiero y de vehículos," Martín Daniel Arriaga Arias. 
"
Maniobras Constructivas de Juárez SA de CV,39790,Ciudad Juárez,Construcción,Lidia Elena López López
Maniobras Constructivas de Juárez SA de CV,39790,Ciudad Juárez,Construcción, Karla Érika Fernández Nevárez
Maqui-Renta de Juárez,35740,Ciudad Juárez,Comercializar e instalar estructuras y maquinaria para construcción,Jorge Alberto Guerrero Avitia
Maqui-Renta de Juárez,35740,Ciudad Juárez,Comercializar e instalar estructuras y maquinaria para construcción, Victoriano Guerrero Avitia
Mayoreo Garay de Chihuahua SA de CV,37601,"Chihuahua, Chihuahua",Comercializar productos alimenticios,Huber Alfredo Garay Mendoza
Mayoreo Garay de Chihuahua SA de CV,37601,"Chihuahua, Chihuahua",Comercializar productos alimenticios, Yolanda Mariñelarei Valdez
MB Construye Verde SA de CV,26/05/2015,"Chihuahua, Chihuahua",Construcción y financiamiento,Luis Mario Baeza Cano
MB Construye Verde SA de CV,26/05/2015,"Chihuahua, Chihuahua",Construcción y financiamiento, Mario Alberto Baeza Rosales
MBZ Constructora SA de CV,15/10/2002,Ciudad Juárez,Comercializar bienes muebles e inmuebles,Tomás Daniel Moreno Aragón
MBZ Constructora SA de CV,15/10/2002,Ciudad Juárez,Comercializar bienes muebles e inmuebles, Adrián Barraza Limón
MBZ Constructora SA de CV,15/10/2002,Ciudad Juárez,Comercializar bienes muebles e inmuebles, Fernando Zapata Martínez
Medios Share Visual SA de CV,23/01/2014,Ciudad Juárez,Negocios de medios de comunicación,Martín Arturo Blancas López
Medios Share Visual SA de CV,23/01/2014,Ciudad Juárez,Negocios de medios de comunicación, Juan Pedro Jiménez Contreras
Medios Share Visual SA de CV,23/01/2014,Ciudad Juárez,Negocios de medios de comunicación, Ángel Octavio Corral Hernández
Memshop,20/03/2015,Ciudad Juárez,"Compra, venta, fabricación de todo tipo de productos",Luis Carlos López Carreón
Memshop,20/03/2015,Ciudad Juárez,"Compra, venta, fabricación de todo tipo de productos", Margarita Estrada Martínez
Merboca SA de CV,24/02/2009,"Chihuahua, Chihuahua",Publicidad en medios de comunicación,Sonia Esther González Moreno
Merboca SA de CV,24/02/2009,"Chihuahua, Chihuahua",Publicidad en medios de comunicación, Guillermo Elías Mata Anchondo
Mexicana de Telecomunicaciones del Norte SA de CV,19/08/2004,Ciudad Juárez,Comercialización de equipo de telecomunicación,Jorge Mario Topete Dueñas
Mexicana de Telecomunicaciones del Norte SA de CV,19/08/2004,Ciudad Juárez,Comercialización de equipo de telecomunicación, Giovanni Silva Rodríguez
Mionito Análisis y Monitoreo de Medios SA de CV,23/12/2015,"Chihuahua, Chihuahua","Monitoreo, investigación y comunicación social",Silvia Hernández Martínez
Mionito Análisis y Monitoreo de Medios SA de CV,23/12/2015,"Chihuahua, Chihuahua","Monitoreo, investigación y comunicación social", Susuki Berenice Peña Chacón
Miscelec Juárez SA de CV,38568,Ciudad Juárez,Comercialización de productos de ferretería,María Teodora Lerma Juárez
Miscelec Juárez SA de CV,38568,Ciudad Juárez,Comercialización de productos de ferretería, Jorge Alberto Dueñas Torres
Moldes y Detalles SA de SV,34002,"Chihuahua, Chihuahua",Compra y venta de material para pasteles,Fernando Hinojosa Villa
Moldes y Detalles SA de SV,34002,"Chihuahua, Chihuahua",Compra y venta de material para pasteles, Rosa Emma Luján Gardea
Montacargas y Baterías Industriales SA de CV,37176,"Chihuahua, Chihuahua",Renta y venta de montacargas y baterías industriales,Yunue Aídia Pérez Jacinto
Montacargas y Baterías Industriales SA de CV,37176,"Chihuahua, Chihuahua",Renta y venta de montacargas y baterías industriales, Luis Gerardo Garza García
Moto Mundo de Juárez SA de CV,15/04/2004,"Chihuahua, Chihuahua",Comercialización de productos relacionados a vehículos automotores,Alberto Villarreal Villarreal
Moto Mundo de Juárez SA de CV,15/04/2004,"Chihuahua, Chihuahua",Comercialización de productos relacionados a vehículos automotores, María Elvira del Rosario Lara Cortazar
Motocicletas y Cuatrimotos del Norte SA de CV,24/04/1999,"Chihuahua, Chihuahua",Comercialización de vehículos con tracción automoto o sin ella,Mayra Espinoza de los Moteros Máynez
Motocicletas y Cuatrimotos del Norte SA de CV,24/04/1999,"Chihuahua, Chihuahua",Comercialización de vehículos con tracción automoto o sin ella, Óscar Leos Allende
Motor Pro SA de CV,38991,Ciudad Juárez,Compra y venta de vehículos de motor,Mario Antonio Franco Martínez
Motor Pro SA de CV,38991,Ciudad Juárez,Compra y venta de vehículos de motor, Gerardo Álvarez González
NKAR SA de CV,17/12/2014,"Puebla, Puebla",Comercialización de bienes inmuebles,Graciela Méndez Crisóstomo
NKAR SA de CV,17/12/2014,"Puebla, Puebla",Comercialización de bienes inmuebles, Luz María Crisóstomo Alcántara
NPD Technology,36801,Ciudad Juárez,Manufactura de tablillas electronicas,Elda Georgina Núñez Polanco
NPD Technology,36801,Ciudad Juárez,Manufactura de tablillas electronicas, Héctor Isidro Núñez Polanco
NPD Technology,36801,Ciudad Juárez,Manufactura de tablillas electronicas, Luis Manuel Díaz Carrillo
NPD Technology,36801,Ciudad Juárez,Manufactura de tablillas electronicas, José Alfredo Pacheco Serrano
Ochoa Comercial SA de CV,29445,"Chihuahua, Chihuahua",Venta de abarrotes en general,Concepción Ochoa Medina
Ochoa Comercial SA de CV,29445,"Chihuahua, Chihuahua",Venta de abarrotes en general, Federico Ochoa Molina
Ochoa Comercial SA de CV,29445,"Chihuahua, Chihuahua",Venta de abarrotes en general, María del Carmen Milán Molina
Ochoa Comercial SA de CV,29445,"Chihuahua, Chihuahua",Venta de abarrotes en general, Maurilio Ochoa Molina
Ochoa Comercial SA de CV,29445,"Chihuahua, Chihuahua",Venta de abarrotes en general, Concepción Molina Corral
Oficasa SA de CV,31113,"Chihuahua, Chihuahua","Venta bienes muebles para oficina, hogar y comercio",María Guadalupe Armendáriz Aguiera
Oficasa SA de CV,31113,"Chihuahua, Chihuahua","Venta bienes muebles para oficina, hogar y comercio", María Elizabeth Rodríguez Moreno
Oficasa SA de CV,31113,"Chihuahua, Chihuahua","Venta bienes muebles para oficina, hogar y comercio", Fernando Rodríguez Moreno
Oficasa SA de CV,31113,"Chihuahua, Chihuahua","Venta bienes muebles para oficina, hogar y comercio", María Esther Ileible Ileible
Oficasa SA de CV,31113,"Chihuahua, Chihuahua","Venta bienes muebles para oficina, hogar y comercio", Arturo Rdríguez Moreno
Ofistec,42283,Chihuahua,Comercializar equipo para oficina,Juan Pablo Chavira Álvarez
Ofistec,42283,Chihuahua,Comercializar equipo para oficina, Alejandra Muñoz Solano
Omnia Comunicaciones,38175,"Chihuahua, Chihuahua",Proporcionar servicio informativo,Edith Barajas Vallejo
Omnia Comunicaciones,38175,"Chihuahua, Chihuahua",Proporcionar servicio informativo, Antonio Payán Gómez
Opción de Chihuahua,38784,"Chihuahua, Chihuahua",Proporcionar asesorías de carácter técnico,Manuel Osbaldo Salvador Ang
Opción de Chihuahua,38784,"Chihuahua, Chihuahua",Proporcionar asesorías de carácter técnico, Elvia Navejas Carranco
Operadora Internacional al Mundo,40399,"Chihuahua, Chihuahua",Ofrecer servicios turísticos,Israel Hernández González
Operadora Internacional al Mundo,40399,"Chihuahua, Chihuahua",Ofrecer servicios turísticos, Ismael Aguilera Domínguez
Papelerama de Ciudad Juárez,14/10/1997,Ciudad Juárez,"Compra, venta de artículos escolares y de oficina",Luis Fernando Ortiz García
Papelerama de Ciudad Juárez,14/10/1997,Ciudad Juárez,"Compra, venta de artículos escolares y de oficina", Linda Josefina Ortiz García
Papelerama de Ciudad Juárez,14/10/1997,Ciudad Juárez,"Compra, venta de artículos escolares y de oficina", Libia García Carrasco
Papelerama de Ciudad Juárez,14/10/1997,Ciudad Juárez,"Compra, venta de artículos escolares y de oficina", Daniel Ortiz García
Papelerama de Ciudad Juárez,14/10/1997,Ciudad Juárez,"Compra, venta de artículos escolares y de oficina", Daniel Ortiz Elizondo
Periódicos Digitales de Chihuahua,42129,"Chihuahua, Chihuahua",Publicación de periódicos digitales,Francisco Mata Anchondo
Periódicos Digitales de Chihuahua,42129,"Chihuahua, Chihuahua",Publicación de periódicos digitales, Antonio Kostura Moreno
Phase Audio,35471,Chihuahua,Venta de equipos de audio y video,Mario Alberto Relli Silvani
Phase Audio,35471,Chihuahua,Venta de equipos de audio y video, Juan Canales Ochoa
Pinturas del Paso y Juárez,38211,Distrito Federal,Comercialización de pinturas decorativas,José Luis López Robledo
Pinturas del Paso y Juárez,38211,Distrito Federal,Comercialización de pinturas decorativas, Víctor Manuel Robledo Madrigal
Pinturas y Pegamento,18/6/2010,Ciudad Juárez,Comercialización de pinturas y pegamentos,José Luis García Hernández
Pinturas y Pegamento,18/6/2010,Ciudad Juárez,Comercialización de pinturas y pegamentos, Karina Alejandra García Hernández
Pinturas y Pegamento,18/6/2010,Ciudad Juárez,Comercialización de pinturas y pegamentos, Pedro Roberto Fierro Barraza
Pinturas y Pegamento,18/6/2010,Ciudad Juárez,Comercialización de pinturas y pegamentos, Raúl Luis López Pérez
Pista Manitoba,39730,"Chihuahua, Chihuahua",Manejo de pistas de patinaje sobre hielo,Abraham Letkeman Wiebe
Pista Manitoba,39730,"Chihuahua, Chihuahua",Manejo de pistas de patinaje sobre hielo, Lilian Lagarda Vargas
Plataforma de Ideas Innovadoras,29/4/2013,Ciudad Juárez,Servicios de protección y seguridad,Alfredo Cardoza Vélez
Plataforma de Ideas Innovadoras,29/4/2013,Ciudad Juárez,Servicios de protección y seguridad, Laura Luján Barrón
Pounce Consulting,38479,"Guadalajara, Jalisco",Comercialización de toda clase de bienes,Paul Steven Hoffman
Pounce Consulting,38479,"Guadalajara, Jalisco",Comercialización de toda clase de bienes, Eduardo Saldaña Guevara
Pounce Consulting,38479,"Guadalajara, Jalisco",Comercialización de toda clase de bienes, Yolanda María José Viera Pillado
Prestadora de Servicios Paso del Norte,38846,Ciudad Juárez,"Servicios de supervisión, contables, fiscales",Claudia Concepción Ramírez Juárez
Prestadora de Servicios Paso del Norte,38846,Ciudad Juárez,"Servicios de supervisión, contables, fiscales", José Luis Verdier Ramírez
Primos Systems,17/10/2012,Ciudad Juárez,Comercialización de equipos de computación,Olivia Guadalupe Valles Isla
Primos Systems,17/10/2012,Ciudad Juárez,Comercialización de equipos de computación, Luis Antonio Valles Cabañas
"Pro Audio Soluciones en Audio, Video e Iluminación",13/6/2008,"Chihuahua, Chihuahua",Servicio de producción a empresas de espectáculos,Jorge Antonio Morales Baca
"Pro Audio Soluciones en Audio, Video e Iluminación",13/6/2008,"Chihuahua, Chihuahua",Servicio de producción a empresas de espectáculos, Estela Delgado Alvarado
Prodidsa,40300,Ciudad Juárez,Administración de negocios dedicados a venta de medicamentos,Juan Eduardo Ochoa Ochoa
Prodidsa,40300,Ciudad Juárez,Administración de negocios dedicados a venta de medicamentos, Lucía Acosta González
Prodidsa,40300,Ciudad Juárez,Administración de negocios dedicados a venta de medicamentos, Nallely Lucía Ocha Acosta
Promocionales Intez,39972,Ciudad Juárez,Comercialización de materia prima,Héctor Ernesto Espino de la Peña
Promocionales Intez,39972,Ciudad Juárez,Comercialización de materia prima, José Diharce Saenz
Promotora Ambiental de la Laguna,34342,"Monterrey, Nuevo León",Manejo de basura,Alberto Eugenio Garza Santos
Promotora de Diversiones y Atracciones,17/05/2005,"Aguascalientes, Aguascalientes",Organización de ferias y festivales,Víctor Manuel García Calderón
Promotora de Diversiones y Atracciones,17/05/2005,"Aguascalientes, Aguascalientes",Organización de ferias y festivales, Enrique García Calderón
Promotora de Diversiones y Atracciones,17/05/2005,"Aguascalientes, Aguascalientes",Organización de ferias y festivales, José Francisco García Calderón
Promotora de Diversiones y Atracciones,17/05/2005,"Aguascalientes, Aguascalientes",Organización de ferias y festivales, Roberto García Calderón
Promotora de Diversiones y Atracciones,17/05/2005,"Aguascalientes, Aguascalientes",Organización de ferias y festivales, Rodolfo García Calderón
Promotora de Servicios y Mercados,22/10/1996,"Chihuahua, Chihuahua",Servicio de autotransporte nacional e internacional.,Estela Gamboa Sainz
Promotora de Servicios y Mercados,22/10/1996,"Chihuahua, Chihuahua",Servicio de autotransporte nacional e internacional., Rafael Ruiz Zamudio
Proorion,23/08/2016,"Juárez, Chihuahua","Artículos eléctricos y electrónicos, hardware, software y accesorios para computadoras.",Jorge Luis Seáñez garcía
Proorion,23/08/2016,"Juárez, Chihuahua","Artículos eléctricos y electrónicos, hardware, software y accesorios para computadoras.", Guillermo Mata Guerrero.
Proveedora Baja de Equipos y Textiles,17/06/2009,"Mexicali, Baja California","Compra, venta, importación de mercancías para el hogar, comercio e industria",Óscar Rodríguez Hermosillo
Proveedora Baja de Equipos y Textiles,17/06/2009,"Mexicali, Baja California","Compra, venta, importación de mercancías para el hogar, comercio e industria", Abel Sosa Zuno
Proveedora de Insumos y Más del Norte en Chihuahua,14/10/2013,"Juárez, Chihuahua",Comercialización de todo tipo de vehículos automotor,Ofelia Reyes Murillo
Proveedora de Insumos y Más del Norte en Chihuahua,14/10/2013,"Juárez, Chihuahua",Comercialización de todo tipo de vehículos automotor, Martín Alonso Martínez Esparza
Proveedora Industrial y Automotriz,38419,"Chihuahua, Chihuahua","Compra-venta de gasolinas, aceites, grasas, lubricantes y derivados",Enrique Laguera
Proveedora Industrial y Automotriz,38419,"Chihuahua, Chihuahua","Compra-venta de gasolinas, aceites, grasas, lubricantes y derivados", José Ramón Lares
Proveedora Industrial y Automotriz,38419,"Chihuahua, Chihuahua","Compra-venta de gasolinas, aceites, grasas, lubricantes y derivados", Raul Paredes
Proveedora Industrial y Automotriz,38419,"Chihuahua, Chihuahua","Compra-venta de gasolinas, aceites, grasas, lubricantes y derivados", Amando Montes
Proveedora Industrial y Automotriz,38419,"Chihuahua, Chihuahua","Compra-venta de gasolinas, aceites, grasas, lubricantes y derivados", Víctor Paredes
Proveformas de Juárez,15/05/2009,"Juárez, Chihuahua",Comercializadora de papel y sus derivados.,Arsenia Brito Briones
Proveformas de Juárez,15/05/2009,"Juárez, Chihuahua",Comercializadora de papel y sus derivados., Hiparco Brito Briones
Proveformas de Juárez,15/05/2009,"Juárez, Chihuahua",Comercializadora de papel y sus derivados., Juan Antonio Delfín Baduy.
Proyecto de Muebles para Oficina,20/07/2009,"Chihuahua, Chihuahua","Producción, fabricación, compra, venta de toda clase mobiliario para oficina",Sergio Iván Aragón Gallegos
Proyecto de Muebles para Oficina,20/07/2009,"Chihuahua, Chihuahua","Producción, fabricación, compra, venta de toda clase mobiliario para oficina", Bertha Yolanda Sarabia Yáñez
Proyectos Eléctricos y Servicios,25/06/2001,"Juárez, Chihuahua","Planeación, ejecución y elaboración de construcciones.",Guadalupe Hernández Morales
Proyectos Eléctricos y Servicios,25/06/2001,"Juárez, Chihuahua","Planeación, ejecución y elaboración de construcciones.", Pascual García Chávez
Proyectos y Construcciones Valar,32427,"Juárez, Chihuahua","Urbanización, lotificación y fraccionamiento.",Mario Trinidad Lozano Avilés
Proyectos y Construcciones Valar,32427,"Juárez, Chihuahua","Urbanización, lotificación y fraccionamiento.", Evangelina Arroyo estrada
Proyectos y Construcciones Valar,32427,"Juárez, Chihuahua","Urbanización, lotificación y fraccionamiento.", Roberto Leyva Alvídrez
Proyectos y Construcciones Valar,32427,"Juárez, Chihuahua","Urbanización, lotificación y fraccionamiento.", Federico Eduardo Valdez Hernández
Proyectos y Construcciones Valar,32427,"Juárez, Chihuahua","Urbanización, lotificación y fraccionamiento.", Luis Carlos Arroyo Estrada.
Publicaciones e Impresos Paso del Norte,40695,"Chihuahua, Chihuahua",Edición e impresión de periódicos o cualquier publicación por medios mecánicos,Osvaldo Rodríguez Borunda
Publicaciones e Impresos Paso del Norte,40695,"Chihuahua, Chihuahua",Edición e impresión de periódicos o cualquier publicación por medios mecánicos, Osvaldo Enrique Rodríguez Jiménez
Publicaciones e Impresos Paso del Norte,40695,"Chihuahua, Chihuahua",Edición e impresión de periódicos o cualquier publicación por medios mecánicos, Adrián Ramón Rodríguez Jiménez
Publicaciones e Impresos Paso del Norte,40695,"Chihuahua, Chihuahua",Edición e impresión de periódicos o cualquier publicación por medios mecánicos," Gerardo Rodríguez Jiménez. 
"
"Publicaciones gráficas Rafime, Sociedad Anónima de capital variable",39730,"Chihuahua, Ciudad Juárez","Compra de tiempos a radiodifusoras y televisoras comerciales, compra de espacios en periódicos y medios impresos",Rafael Manuel Fitzmaurice Meneses
"Publicaciones gráficas Rafime, Sociedad Anónima de capital variable",39730,"Chihuahua, Ciudad Juárez","Compra de tiempos a radiodifusoras y televisoras comerciales, compra de espacios en periódicos y medios impresos", Cecila Lozano
"Quiroga Trucks, S.A. de C.V.",37128,"Guanajuato, Salamanca","Prestación de servicios dealargado y cortado de chasis, cambio de motor, reparación de carrocería",Juan Antonio Quiroga Lozano
"Quiroga Trucks, S.A. de C.V.",37128,"Guanajuato, Salamanca","Prestación de servicios dealargado y cortado de chasis, cambio de motor, reparación de carrocería", María Guadalupe Aguayo Durán
"Quiroga Trucks, S.A. de C.V.",37128,"Guanajuato, Salamanca","Prestación de servicios dealargado y cortado de chasis, cambio de motor, reparación de carrocería", Fabiola Quiroga Aguayo
"Quiroga Trucks, S.A. de C.V.",37128,"Guanajuato, Salamanca","Prestación de servicios dealargado y cortado de chasis, cambio de motor, reparación de carrocería", Juan Carlos Quiroga Aguayo
"Radio Juarense, Sociedad Anónima",38635,"Distrito Federal, México D.F.",Instalación y explotación comercial de estaciones radiodifusoras y de televisión mediante concesiones o permiso.,María Teresa Salayandia García
"Radio Juarense, Sociedad Anónima",38635,"Distrito Federal, México D.F.",Instalación y explotación comercial de estaciones radiodifusoras y de televisión mediante concesiones o permiso., Norma Aurora Salayandia García
"Radio Juarense, Sociedad Anónima",38635,"Distrito Federal, México D.F.",Instalación y explotación comercial de estaciones radiodifusoras y de televisión mediante concesiones o permiso., Irma Alicia Salayandia García
"Radio Juarense, Sociedad Anónima",38635,"Distrito Federal, México D.F.",Instalación y explotación comercial de estaciones radiodifusoras y de televisión mediante concesiones o permiso., Elízabeth Salayandia García
"Radio Juarense, Sociedad Anónima",38635,"Distrito Federal, México D.F.",Instalación y explotación comercial de estaciones radiodifusoras y de televisión mediante concesiones o permiso., Mónica Salayandia García
"Radio Juarense, Sociedad Anónima",38635,"Distrito Federal, México D.F.",Instalación y explotación comercial de estaciones radiodifusoras y de televisión mediante concesiones o permiso., María Estela Salayandia García
"Radio Juarense, Sociedad Anónima",38635,"Distrito Federal, México D.F.",Instalación y explotación comercial de estaciones radiodifusoras y de televisión mediante concesiones o permiso., Leonardo Salayandia García
"Radio Juarense, Sociedad Anónima",38635,"Distrito Federal, México D.F.",Instalación y explotación comercial de estaciones radiodifusoras y de televisión mediante concesiones o permiso., Javier Martín Salayandia García
"Radio Juarense, Sociedad Anónima",38635,"Distrito Federal, México D.F.",Instalación y explotación comercial de estaciones radiodifusoras y de televisión mediante concesiones o permiso., Jorge Domingo Salayandia García
"Radio Juarense, Sociedad Anónima",38635,"Distrito Federal, México D.F.",Instalación y explotación comercial de estaciones radiodifusoras y de televisión mediante concesiones o permiso., Ernesto Agustín Salayandia García
"Radiomovil Dipsa, S.A. de C.V.",39909,"Distrito Federal,",****,****
"RT de Juárez, sociedad de responsabilidad límita microindustrial",38806,****,"Fabricar, industrializar, transformar, armar, importar, exportar, comprar, vender toda clase de estrucutras y maquinari para la construcción",Alma Rosa Cano Cereceres
"RT de Juárez, sociedad de responsabilidad límita microindustrial",38806,****,"Fabricar, industrializar, transformar, armar, importar, exportar, comprar, vender toda clase de estrucutras y maquinari para la construcción", Gloria Armida Guerrero Avitia
"Sandycom, S. de R.L. de C.V.",42328,"Puebla, Puebla","Compra , venta, comercialización, distribución, importación y exportación de toda clase de mercancía",Karla Fernanda Viveros Vázquez
"Sandycom, S. de R.L. de C.V.",42328,"Puebla, Puebla","Compra , venta, comercialización, distribución, importación y exportación de toda clase de mercancía", Carlos Eduardo Viveros Vázquez
"Seguridad Global Industrial, Sociedad Anónima de capital variable",38698,"Chihuahua, Ciudad Juárez","Prestar asesoría relativa a la seguridad industrial, compra, venta, manufactura, ensamble, fabricación, diseño, importación, exportación, comercialización de equipo de seguridad y protección de personal",Erika Leticia Huerta Lerma
"Seguridad Global Industrial, Sociedad Anónima de capital variable",38698,"Chihuahua, Ciudad Juárez","Prestar asesoría relativa a la seguridad industrial, compra, venta, manufactura, ensamble, fabricación, diseño, importación, exportación, comercialización de equipo de seguridad y protección de personal", Cruz Huerta Cisneros
"Seguridad Global Industrial, Sociedad Anónima de capital variable",38698,"Chihuahua, Ciudad Juárez","Prestar asesoría relativa a la seguridad industrial, compra, venta, manufactura, ensamble, fabricación, diseño, importación, exportación, comercialización de equipo de seguridad y protección de personal", Hergo Alfredo Herrera Mendoza
"Seguridad Global Industrial, Sociedad Anónima de capital variable",38698,"Chihuahua, Ciudad Juárez","Prestar asesoría relativa a la seguridad industrial, compra, venta, manufactura, ensamble, fabricación, diseño, importación, exportación, comercialización de equipo de seguridad y protección de personal", Alfonso Chávez Ponce
"Seguros Afirme, S.A. de C.V.",35860,"Nuevo Léon, Monterrey",Funcionar como institución de seguros en los términos de la ley general de instituciones y sociedades mutualistas de seguros.,Brenda Marcela Treviño Villareal
"Selects la Cuesta, Sociedad de responsabilidad límitada de cpaital variable",41877,"Chihuahua, Ciudad Juárez","Explotación del negocio de agencias de viajes y turismo a través de la organización, promoción y venta de planes turísticos nacionales e internacionales",Luis Guzmán López
"Selects la Cuesta, Sociedad de responsabilidad límitada de cpaital variable",41877,"Chihuahua, Ciudad Juárez","Explotación del negocio de agencias de viajes y turismo a través de la organización, promoción y venta de planes turísticos nacionales e internacionales", Delia Alejandra Delgado González
"Selects la Cuesta, Sociedad de responsabilidad límitada de cpaital variable",41877,"Chihuahua, Ciudad Juárez","Explotación del negocio de agencias de viajes y turismo a través de la organización, promoción y venta de planes turísticos nacionales e internacionales", Ramiro José Luis Guzmán Delgado
"Selects la Cuesta, Sociedad de responsabilidad límitada de cpaital variable",41877,"Chihuahua, Ciudad Juárez","Explotación del negocio de agencias de viajes y turismo a través de la organización, promoción y venta de planes turísticos nacionales e internacionales", Alma Delia Guzmán Delgado
"Selects la Cuesta, Sociedad de responsabilidad límitada de cpaital variable",41877,"Chihuahua, Ciudad Juárez","Explotación del negocio de agencias de viajes y turismo a través de la organización, promoción y venta de planes turísticos nacionales e internacionales", Saúl Iván Guzmán Delgado
Selicsa Sociedad Anónima de Capital variable,37061,"Chihuahua, Ciudad Juárez","Actividades relacionadas con el diagnóstico, evaluación e implementación de acciones encaminadas a la preservación del medio ambiente, formular presupuestos, diseños, estudios, proyectos, asesoria, en recolección y procesamiento de materiales reciclables",Raúl De Léon Apraez
Selicsa Sociedad Anónima de Capital variable,37061,"Chihuahua, Ciudad Juárez","Actividades relacionadas con el diagnóstico, evaluación e implementación de acciones encaminadas a la preservación del medio ambiente, formular presupuestos, diseños, estudios, proyectos, asesoria, en recolección y procesamiento de materiales reciclables", Magaly De León Apraez
Selicsa Sociedad Anónima de Capital variable,37061,"Chihuahua, Ciudad Juárez","Actividades relacionadas con el diagnóstico, evaluación e implementación de acciones encaminadas a la preservación del medio ambiente, formular presupuestos, diseños, estudios, proyectos, asesoria, en recolección y procesamiento de materiales reciclables", Raúl De León Anzures
Semex,38035,"Nuevo Léon, Monterrey","Fabricación, diseño, instalación, mantenimiento de semáforos, señales de tránisto y calcomanías reflejantes, alumbrado público e industrial, fuentes ornamentales e instalación eléctrica en general, arrendar y subarrendar bienes inmuebles.",Alejandro Brunell de Brunell
Semex,38035,"Nuevo Léon, Monterrey","Fabricación, diseño, instalación, mantenimiento de semáforos, señales de tránisto y calcomanías reflejantes, alumbrado público e industrial, fuentes ornamentales e instalación eléctrica en general, arrendar y subarrendar bienes inmuebles.", Marilu G. Vda. De Brunell
Semex,38035,"Nuevo Léon, Monterrey","Fabricación, diseño, instalación, mantenimiento de semáforos, señales de tránisto y calcomanías reflejantes, alumbrado público e industrial, fuentes ornamentales e instalación eléctrica en general, arrendar y subarrendar bienes inmuebles.", Dolores M. Elizondo
Semex,38035,"Nuevo Léon, Monterrey","Fabricación, diseño, instalación, mantenimiento de semáforos, señales de tránisto y calcomanías reflejantes, alumbrado público e industrial, fuentes ornamentales e instalación eléctrica en general, arrendar y subarrendar bienes inmuebles.", Pablo González E.
Semex,38035,"Nuevo Léon, Monterrey","Fabricación, diseño, instalación, mantenimiento de semáforos, señales de tránisto y calcomanías reflejantes, alumbrado público e industrial, fuentes ornamentales e instalación eléctrica en general, arrendar y subarrendar bienes inmuebles.", Gilberto González Alonso
Semex,38035,"Nuevo Léon, Monterrey","Fabricación, diseño, instalación, mantenimiento de semáforos, señales de tránisto y calcomanías reflejantes, alumbrado público e industrial, fuentes ornamentales e instalación eléctrica en general, arrendar y subarrendar bienes inmuebles.", Juan Pérez
"Sen Integral, sociedad anónima de capital variable",40102,"Chihuahua, Ciudad Juárez","Importación, exportación, manufactura, venta, renta, mantenimiento preventivo y correctivo de equipos, aparatos y todo tipo de componentes eléctricos, electrónicos, magnéticos, ensamble, fabricación, compraventa, exportación, importación de motores eléctricos.",Roberto Arturo Madrigal Trejo
"Sen Integral, sociedad anónima de capital variable",40102,"Chihuahua, Ciudad Juárez","Importación, exportación, manufactura, venta, renta, mantenimiento preventivo y correctivo de equipos, aparatos y todo tipo de componentes eléctricos, electrónicos, magnéticos, ensamble, fabricación, compraventa, exportación, importación de motores eléctricos.", Armando Eduardo Blanco Quintana
"Servicio Anapra, sociedad anónima de capital variable",37092,"Chihuahua, Ciudad Juárez","La venta al público de petroliferos adquiridos exclusivamente de petroleos mexicanos, compraventa, importación, exportación de refacciones y partes automotrices, servicio de lavado de vehículos",Emma Leticia Mendoza Carrasco
"Servicio Anapra, sociedad anónima de capital variable",37092,"Chihuahua, Ciudad Juárez","La venta al público de petroliferos adquiridos exclusivamente de petroleos mexicanos, compraventa, importación, exportación de refacciones y partes automotrices, servicio de lavado de vehículos", Liliana Leticia Fuentes Mendoza
Servicio Chapultepec Sociedad anónima de capital varibale,33806,"Chihuahua, Ciudad Juárez","Compra, venta al público de gasolina, lubricantes, refacciones, servicio de taller, lavado de autos y camiones",Fausto Hugo Mendoza Carrasco
Servicio Chapultepec Sociedad anónima de capital varibale,33806,"Chihuahua, Ciudad Juárez","Compra, venta al público de gasolina, lubricantes, refacciones, servicio de taller, lavado de autos y camiones", Emma Leticia Mendoza Carrasco
Servicio Chapultepec Sociedad anónima de capital varibale,33806,"Chihuahua, Ciudad Juárez","Compra, venta al público de gasolina, lubricantes, refacciones, servicio de taller, lavado de autos y camiones", Fernando Javier Fuentes Rey
Servicio Chapultepec Sociedad anónima de capital varibale,33806,"Chihuahua, Ciudad Juárez","Compra, venta al público de gasolina, lubricantes, refacciones, servicio de taller, lavado de autos y camiones", Josefina Irene Mendoza Carrasco
Servicio Chapultepec Sociedad anónima de capital varibale,33806,"Chihuahua, Ciudad Juárez","Compra, venta al público de gasolina, lubricantes, refacciones, servicio de taller, lavado de autos y camiones", Fausto Hugo Mendoza Carrera
"Servicio Eléctrico Industrial y Comercial, Sociedad de responsabilidad límitada de capital variable",38694,"Chihuahua, Ciudad Juárez","Ensamble, fabricación, compraventa, importación, exportación, manufacura de materiales eléctricos",Miguel Holguín Jalavera
"Servicio Eléctrico Industrial y Comercial, Sociedad de responsabilidad límitada de capital variable",38694,"Chihuahua, Ciudad Juárez","Ensamble, fabricación, compraventa, importación, exportación, manufacura de materiales eléctricos", Dayane Jiménez Contreras
"Servicio Imperial de México, Sociedad Anónima de capital variable",39531,"Chihuahua, Ciudad Juárez",Comercialización de gasolinas y diesel suministrados por PEMEX,Valentín Augusto Fuentes Varela
"Servicio Imperial de México, Sociedad Anónima de capital variable",39531,"Chihuahua, Ciudad Juárez",Comercialización de gasolinas y diesel suministrados por PEMEX, Elma Aida Tellez Sánchez
"Servicio Imperial, Sociedad anónima de capital variable",38401,"Chihuahua, Ciudad Juárez","Explotación de establecimientos abiertos al público para la compra, venta, distribución y almacenamiento de gasolinas, diesel, aceites, así como el servicio de mecánica.",Valentín Augusto Fuentes Varela
"Servicio Imperial, Sociedad anónima de capital variable",38401,"Chihuahua, Ciudad Juárez","Explotación de establecimientos abiertos al público para la compra, venta, distribución y almacenamiento de gasolinas, diesel, aceites, así como el servicio de mecánica.", Elma Aida Tellez Sánchez de Fuentes
"Servicio Imperial, Sociedad anónima de capital variable",38401,"Chihuahua, Ciudad Juárez","Explotación de establecimientos abiertos al público para la compra, venta, distribución y almacenamiento de gasolinas, diesel, aceites, así como el servicio de mecánica.", Gabriela Fuentes Tellez
"Servicio Imperial, Sociedad anónima de capital variable",38401,"Chihuahua, Ciudad Juárez","Explotación de establecimientos abiertos al público para la compra, venta, distribución y almacenamiento de gasolinas, diesel, aceites, así como el servicio de mecánica.", Angélica Fuentes Tellez
"Servicio Imperial, Sociedad anónima de capital variable",38401,"Chihuahua, Ciudad Juárez","Explotación de establecimientos abiertos al público para la compra, venta, distribución y almacenamiento de gasolinas, diesel, aceites, así como el servicio de mecánica.", Laura Elma Fuentes Tellez de Fierro
"Servicio Imperial, Sociedad anónima de capital variable",38401,"Chihuahua, Ciudad Juárez","Explotación de establecimientos abiertos al público para la compra, venta, distribución y almacenamiento de gasolinas, diesel, aceites, así como el servicio de mecánica.", Adriana Fuentes Tellez
"Servicio Imperial, Sociedad anónima de capital variable",38401,"Chihuahua, Ciudad Juárez","Explotación de establecimientos abiertos al público para la compra, venta, distribución y almacenamiento de gasolinas, diesel, aceites, así como el servicio de mecánica.", Valentín Fuentes Tellez
"Servicio Imperial, Sociedad anónima de capital variable",38401,"Chihuahua, Ciudad Juárez","Explotación de establecimientos abiertos al público para la compra, venta, distribución y almacenamiento de gasolinas, diesel, aceites, así como el servicio de mecánica.", Octavio Fuentes Tellez
"Servicio Nueva Reforma, sociedad anónima de capital variable",35237,"Chihuahua, Ciudad Juárez","Venta exclusiva al público de petroliferos suministrados por PEMEX, como son gasolinas, diesel, aceites y grasas",Emma Leticia Mendoza Carrasco
"Servicio Nueva Reforma, sociedad anónima de capital variable",35237,"Chihuahua, Ciudad Juárez","Venta exclusiva al público de petroliferos suministrados por PEMEX, como son gasolinas, diesel, aceites y grasas", Fernando Javier Fuentes Rey
"Servicios de Ingeniería Eléctrica y Construcción, sociedad anónima de capital variable",35810,"Coahuila de Zaragoza, Torreón","Construcción en general, instalaciones eléctricas y todo tipo de actividades relacionadas con la industria de la construcción, urbanización, fraccionamiento y en general la realización de toda clase de trabajos de arquitectura e ineniería",Sabina Holguín Monarrez
"Servicios de Ingeniería Eléctrica y Construcción, sociedad anónima de capital variable",35810,"Coahuila de Zaragoza, Torreón","Construcción en general, instalaciones eléctricas y todo tipo de actividades relacionadas con la industria de la construcción, urbanización, fraccionamiento y en general la realización de toda clase de trabajos de arquitectura e ineniería", Alfonso Castillo Medrano
"Servicompactos de Juárez, sociedad anónima de capital variable",37148,"Chihuahua, Ciudad Juárez","Prestación de todo tipo de servicios de mantenimiento, reacondicionamiento, reparación mecánica en general, servicios de frenos, cambios de aceite, reparación de motor",Patricia Díaz Holguín
"Servicompactos de Juárez, sociedad anónima de capital variable",37148,"Chihuahua, Ciudad Juárez","Prestación de todo tipo de servicios de mantenimiento, reacondicionamiento, reparación mecánica en general, servicios de frenos, cambios de aceite, reparación de motor", Lizeth Adriana Carreon Enríquez
"Siroval, sociedad anónima de capital variable",40735,"Chihuahua, Chihuahua","Fabricación por cuenta propia o de terceros, importación y exportación, instalación, comercialización y venta de todo tipo de señalamientos luminosos, pantallas de tráfico, semáforos",Raúl Fernando Sifuentes Rodríguez
"Siroval, sociedad anónima de capital variable",40735,"Chihuahua, Chihuahua","Fabricación por cuenta propia o de terceros, importación y exportación, instalación, comercialización y venta de todo tipo de señalamientos luminosos, pantallas de tráfico, semáforos", Héctor Sifuentes Rodríguez
"Sistemas digitales en telefonía, S.A. de C.V.",37883,"Jalisco, Guadalajara","Fabricación, maquila, ensamble, comercialización, arrendamiento, subarrendamiento, distribución, importación, exportación de toda clase de artículos de lícito comercio, artículos, mercancias relacionados con la industria, el hogar y el comercio, en especial sistemas en comunicación y telefónicos.",****
"Sistemas y servicvios de Juárez, sociedad anónima de responsabilidad limitada microindustrial",38547,****,"Fabricar, transformar, industrializar, importar, exportar, comprar, vender, distribuir, equipos de computo y sus derivados y en general toda clase de productos de la indusrtia suceptibles a ser industrializados.",Gustavo Hernández Cárdenas
"Sistemas y servicvios de Juárez, sociedad anónima de responsabilidad limitada microindustrial",38547,****,"Fabricar, transformar, industrializar, importar, exportar, comprar, vender, distribuir, equipos de computo y sus derivados y en general toda clase de productos de la indusrtia suceptibles a ser industrializados.", Rúben Urbnia Duarte
"Sociedad Profesional de Guardia Patrimonial y Personal Grupo Aguila del Sur, S. de R.L. de C.V.",41523,"Puebla, Puebla","Prestar, vender, comprar, capacitar, asesorar, arrendar, representar, comercializar servicios de seguridad personal y privada mediante personal y personal canino",Sergio Sahid Patiño Muñiz
"Sociedad Profesional de Guardia Patrimonial y Personal Grupo Aguila del Sur, S. de R.L. de C.V.",41523,"Puebla, Puebla","Prestar, vender, comprar, capacitar, asesorar, arrendar, representar, comercializar servicios de seguridad personal y privada mediante personal y personal canino", Carlos Alberto Sánchez García
"Sociedad Profesional de Guardia Patrimonial y Personal Grupo Aguila del Sur, S. de R.L. de C.V.",41523,"Puebla, Puebla","Prestar, vender, comprar, capacitar, asesorar, arrendar, representar, comercializar servicios de seguridad personal y privada mediante personal y personal canino", Ernesto Bustillos Villegas
"Soporte con servicios y suministros, sociedad anónima de capital variable",41074,"Chihuahua, Ciudad Juárez","Elaboración, fabricación, remodelación, diseño y adciones a sistemas inteligentes de pintura industrial en base de agua y aceite en todas sus modalidades",Jesús Eduardo Villalobos Espino
"Soporte con servicios y suministros, sociedad anónima de capital variable",41074,"Chihuahua, Ciudad Juárez","Elaboración, fabricación, remodelación, diseño y adciones a sistemas inteligentes de pintura industrial en base de agua y aceite en todas sus modalidades", Ramona Trejo Jurado
"Soyo Construcciones, sociedad anónima de capital variable",41025,"Chihuahua, Ciudad Juárez","Comprar, vender, permutar, gravar, arrendar, subarrendar y en general adquirir, enajenar, o explotar bienes muebles e inmuebles, como terrenos, casas, edificios, construcciones",Omar González Meraz
"Soyo Construcciones, sociedad anónima de capital variable",41025,"Chihuahua, Ciudad Juárez","Comprar, vender, permutar, gravar, arrendar, subarrendar y en general adquirir, enajenar, o explotar bienes muebles e inmuebles, como terrenos, casas, edificios, construcciones", Roberto González Meraz
"Spacelink, S.A. de C.V.",37049,"Jalisco, Guadalajara","Prestar servicios de telecomunicaciones de valor agregado consistentes en suministrar, almacenar, comunicar, distribuir, pocesar y documentar la información proveniente de su sistema",****
"Stereorey Monterrey, S.A.",30617,"Distrito Federal,","Explotación comercial con apego a la ley federal de radio y televisión en respecto de una concesión federal para operar comercialmente, una estación radiodifusora de frecuencia modulada con las siglas de identificación XHSRO",Francisco Roberto Riveroll Ramírez
"Stereorey Monterrey, S.A.",30617,"Distrito Federal,","Explotación comercial con apego a la ley federal de radio y televisión en respecto de una concesión federal para operar comercialmente, una estación radiodifusora de frecuencia modulada con las siglas de identificación XHSRO", Francisco Adell Nadal
"Stereorey Monterrey, S.A.",30617,"Distrito Federal,","Explotación comercial con apego a la ley federal de radio y televisión en respecto de una concesión federal para operar comercialmente, una estación radiodifusora de frecuencia modulada con las siglas de identificación XHSRO", Salvador Teodoro Gayol Patterson
"Super Gas de Ciudad Juárez, sociedad anónima",23020,"Chihuahua, Ciudad Juárez","Compra venta de gas L.P., su transporte a lugares de consumo, su almacenamiento, compra de toda clase de instalaciones y equipo necesario para la realización de sus fines",Pedro Murguía Davalos
"Super Gas de Ciudad Juárez, sociedad anónima",23020,"Chihuahua, Ciudad Juárez","Compra venta de gas L.P., su transporte a lugares de consumo, su almacenamiento, compra de toda clase de instalaciones y equipo necesario para la realización de sus fines", Carlos Alfonso Murguía Navarro
"Super Gas de Ciudad Juárez, sociedad anónima",23020,"Chihuahua, Ciudad Juárez","Compra venta de gas L.P., su transporte a lugares de consumo, su almacenamiento, compra de toda clase de instalaciones y equipo necesario para la realización de sus fines", María del Socorro Mrguía Navarro
"Super Gas de Ciudad Juárez, sociedad anónima",23020,"Chihuahua, Ciudad Juárez","Compra venta de gas L.P., su transporte a lugares de consumo, su almacenamiento, compra de toda clase de instalaciones y equipo necesario para la realización de sus fines", Pablo Murguía Davalos
"Super Gas de Ciudad Juárez, sociedad anónima",23020,"Chihuahua, Ciudad Juárez","Compra venta de gas L.P., su transporte a lugares de consumo, su almacenamiento, compra de toda clase de instalaciones y equipo necesario para la realización de sus fines", María Esperanza Navarro
"Tactical Solutions, sociedad de responsabilidad límitada de capital variable",40610,"Chihuahua, Ciudad Juárez","Adquirir, comprar, vender, fabricar, manufacturar, elaborar, administrar, poseer, arrendar, promover, intervenir, explotar en cualquier forma toda clase de equipo y accesorios tácticos, seguridad avanzada, seguridad pública y privada, uniformes, gases lacrimosos, gas pimienta, chalecos blindados, vehiculos blindados.",Luis Alberto Godina Quiñones
"Tactical Solutions, sociedad de responsabilidad límitada de capital variable",40610,"Chihuahua, Ciudad Juárez","Adquirir, comprar, vender, fabricar, manufacturar, elaborar, administrar, poseer, arrendar, promover, intervenir, explotar en cualquier forma toda clase de equipo y accesorios tácticos, seguridad avanzada, seguridad pública y privada, uniformes, gases lacrimosos, gas pimienta, chalecos blindados, vehiculos blindados.", Enrique Olvera Rojas
"Tecno Publisen, sociedad anónima de capital variable",42522,"Chihuahua, Ciudad Juárez","Importación, exportación, manufactura, venta, renta, mantenimiento preventivo y correctivo de equipos, aparatos y todo tipo de componentes eléctricos, electrónicos, magnéticos, ensamble, fabricación, compraventa, exportación, bobinas, transformadores, toroides, arneses y sus similares",Lizette Socorro Pérez Bailón
"Tecno Publisen, sociedad anónima de capital variable",42522,"Chihuahua, Ciudad Juárez","Importación, exportación, manufactura, venta, renta, mantenimiento preventivo y correctivo de equipos, aparatos y todo tipo de componentes eléctricos, electrónicos, magnéticos, ensamble, fabricación, compraventa, exportación, bobinas, transformadores, toroides, arneses y sus similares", Corina Herrera Luevanos
"Telefonía por cable, S.A. de C.V.",38250,"Jalisco, Guadalajara","Instalar, operar y explotar redes públicas de telecomunicaciones a ser concedidas por la Secretaría de Comunicaciones y Transportes",José César Lau Yuen
"Telefonía por cable, S.A. de C.V.",38250,"Jalisco, Guadalajara","Instalar, operar y explotar redes públicas de telecomunicaciones a ser concedidas por la Secretaría de Comunicaciones y Transportes", Vicente Bogarin Cortes
"Televisión de la frontera, Sociedad Anónima",38848,"Distrito Federal, México D.F.","Establecimiento y explotación en la república mexicana de estaciones de radio transmisoras y de televisión, la producción y venta de programas de radio y de televisión por los sistemas de grabación y filmación de artistas",Pedro Meneses Hoyos
"Televisión de la frontera, Sociedad Anónima",38848,"Distrito Federal, México D.F.","Establecimiento y explotación en la república mexicana de estaciones de radio transmisoras y de televisión, la producción y venta de programas de radio y de televisión por los sistemas de grabación y filmación de artistas", Ricardo Garza Álvarez
"Televisión de la frontera, Sociedad Anónima",38848,"Distrito Federal, México D.F.","Establecimiento y explotación en la república mexicana de estaciones de radio transmisoras y de televisión, la producción y venta de programas de radio y de televisión por los sistemas de grabación y filmación de artistas", Roberto Meneses Hoyos
"Televisión de la frontera, Sociedad Anónima",38848,"Distrito Federal, México D.F.","Establecimiento y explotación en la república mexicana de estaciones de radio transmisoras y de televisión, la producción y venta de programas de radio y de televisión por los sistemas de grabación y filmación de artistas", Jorge Meneses Hoyos
"Televisión de la frontera, Sociedad Anónima",38848,"Distrito Federal, México D.F.","Establecimiento y explotación en la república mexicana de estaciones de radio transmisoras y de televisión, la producción y venta de programas de radio y de televisión por los sistemas de grabación y filmación de artistas", Mario L. Molinar López
"Televisión de la frontera, Sociedad Anónima",38848,"Distrito Federal, México D.F.","Establecimiento y explotación en la república mexicana de estaciones de radio transmisoras y de televisión, la producción y venta de programas de radio y de televisión por los sistemas de grabación y filmación de artistas", Manuel Villegas
"Tools & Services de México Construcciones, S.A. de C.V.",42915,"Nuevo Léon, Monterrey","Llevar a cabo por cuenta propia o de terceros la adquisición, desarrollo, urbanización, lotificación, construcción, enajencación, administración, arrendamiento y explotación y en general celebrar todo tipo de contratos en cualquier forma con toda clase de inmuebles comerciales, habitacionales, ubranos, suburbanos o rurales, dentro o fuera del territorio nacional",Leopoldo Manuel González Mireles
"Tools & Services de México Construcciones, S.A. de C.V.",42915,"Nuevo Léon, Monterrey","Llevar a cabo por cuenta propia o de terceros la adquisición, desarrollo, urbanización, lotificación, construcción, enajencación, administración, arrendamiento y explotación y en general celebrar todo tipo de contratos en cualquier forma con toda clase de inmuebles comerciales, habitacionales, ubranos, suburbanos o rurales, dentro o fuera del territorio nacional", Guadalupe Mireles Montemayor
"Tornillos y Taquetes de Chihuahua, Sociedad anónima de capital variable",40841,"Chihuahua, Ciudad Juárez","Compraventa, importación, exportación, distribución y comercialización de tornillos, taquetes, tuercas, opresores, rondanas, clavos y mangueras, artículos de ferretería, refacciones, herramientas y materiales de construcción",Raúl Garza Ledesma
"Tornillos y Taquetes de Chihuahua, Sociedad anónima de capital variable",40841,"Chihuahua, Ciudad Juárez","Compraventa, importación, exportación, distribución y comercialización de tornillos, taquetes, tuercas, opresores, rondanas, clavos y mangueras, artículos de ferretería, refacciones, herramientas y materiales de construcción", Jesús Barboza Gutiérrez
"Touche Motors, sociedad anónima",38758,"Chihuahua, Chihuahua","Compra venta de automóviles, nuevos o usados, tanto del país como fronterizos",Faud J. Touche Fares
"Touche Motors, sociedad anónima",38758,"Chihuahua, Chihuahua","Compra venta de automóviles, nuevos o usados, tanto del país como fronterizos", Natalia Hernández González
"Touche Motors, sociedad anónima",38758,"Chihuahua, Chihuahua","Compra venta de automóviles, nuevos o usados, tanto del país como fronterizos", Javier Touche Hernández
"Touche Motors, sociedad anónima",38758,"Chihuahua, Chihuahua","Compra venta de automóviles, nuevos o usados, tanto del país como fronterizos", Marie Fares Hassoum
"Touche Motors, sociedad anónima",38758,"Chihuahua, Chihuahua","Compra venta de automóviles, nuevos o usados, tanto del país como fronterizos", Bertha Touche Fares
"Touche Motors, sociedad anónima",38758,"Chihuahua, Chihuahua","Compra venta de automóviles, nuevos o usados, tanto del país como fronterizos", Victoria Touche Fares
"Touche Motors, sociedad anónima",38758,"Chihuahua, Chihuahua","Compra venta de automóviles, nuevos o usados, tanto del país como fronterizos", Emilio Touche Fares
"Touche Motors, sociedad anónima",38758,"Chihuahua, Chihuahua","Compra venta de automóviles, nuevos o usados, tanto del país como fronterizos", Eduardo Ochoa Reynoso
"Trabcom Constructora, sociedad anónima de capital variable",41708,"Chihuahua, Ciudad Juárez","Realizar por cuenta propia o de terceros toda clase de obras y tabajos para la construcción, reconstrucción, remodelación, demolición, transformación, acondicionamiento, lotificación, urbanización de toda clase de bienes, para fines habitacionales, industriales, comerciales, deportivos, recreativos, vivienda social.",Carmen Aracely Rodríguez Soto
"Trabcom Constructora, sociedad anónima de capital variable",41708,"Chihuahua, Ciudad Juárez","Realizar por cuenta propia o de terceros toda clase de obras y tabajos para la construcción, reconstrucción, remodelación, demolición, transformación, acondicionamiento, lotificación, urbanización de toda clase de bienes, para fines habitacionales, industriales, comerciales, deportivos, recreativos, vivienda social.", Uriel Medrano Blanco
"Tracto Refacciones Ruiz, S. A. de C.V.",42101,"Nuevo Léon, Monterrey","Consultoría, compra venta, comercialización, reparación, importación, de productos relacionados con el objeto de la sociedad. Mantenimiento general de tracto camiones, auto tanques.",Román Almazán Morán
"Tracto Refacciones Ruiz, S. A. de C.V.",42101,"Nuevo Léon, Monterrey","Consultoría, compra venta, comercialización, reparación, importación, de productos relacionados con el objeto de la sociedad. Mantenimiento general de tracto camiones, auto tanques.", Víctor Ernesto García Ríos
"Transformadora de energía eléctrica de Juárez, sociedad anónima de capital variable",39070,"Chihuahua, Chihuahua",Dedicarse a todo tipo de actividades y operaciones para generar electricidad y otra energía primaria o secundaria para su comercialización,Jaime Andrés Russek Cruz
"Transmisiones y seguridad, S.A.",36775,"Jalisco, Guadalajara","Compra, venta, representación y consignación de equipos para la industria en general",****
"Triturados asfálticos del Valle de Juárez, sociedad anónima de capital variable",39127,"Chihuahua, Ciudad Juárez","Producción y compra-venta de agregados pétreos y materiales para la construcción, fabricación y colocación de concreto asfáltico",****
"Triturados asfaltos y administración, sociedad anónima de capital variable",40942,"Chihuahua, Ciudad Juárez","Prestación de servicios y asosería relacionados con toda clase de obr pública y privada, tales como planeación, urbnización, desarrollo, ejecución de obra, planos y protectos",José Luis García Hernández
"Triturados asfaltos y administración, sociedad anónima de capital variable",40942,"Chihuahua, Ciudad Juárez","Prestación de servicios y asosería relacionados con toda clase de obr pública y privada, tales como planeación, urbnización, desarrollo, ejecución de obra, planos y protectos", David Martínez Herrera
"Urbanizadora Gricarsa, sociedad anónima de capital variable",36074,"Chihuahua, Ciudad Juárez",Proyección y ejecución de desarrollos inmboliarios para su venta,María Margarita De La Hoz Caballero
"Urbanizadora Gricarsa, sociedad anónima de capital variable",36074,"Chihuahua, Ciudad Juárez",Proyección y ejecución de desarrollos inmboliarios para su venta, Luis Carlos Hernández Hernández
"Valati, sociedad anónima",27256,"Chihuahua, Ciudad Juárez","Proyecto, calculo, diseño, planeación, contratación, subcontratación y demas actividades relacionadas con la industria de la construcción urbanización y fraccionamiento",Rosa María Yanar García
"Valati, sociedad anónima",27256,"Chihuahua, Ciudad Juárez","Proyecto, calculo, diseño, planeación, contratación, subcontratación y demas actividades relacionadas con la industria de la construcción urbanización y fraccionamiento", Valentín Fuentes Varela
"Valati, sociedad anónima",27256,"Chihuahua, Ciudad Juárez","Proyecto, calculo, diseño, planeación, contratación, subcontratación y demas actividades relacionadas con la industria de la construcción urbanización y fraccionamiento", Elma Tellez Varela
"Valati, sociedad anónima",27256,"Chihuahua, Ciudad Juárez","Proyecto, calculo, diseño, planeación, contratación, subcontratación y demas actividades relacionadas con la industria de la construcción urbanización y fraccionamiento", Valentín Augusto Fuentes
"Valati, sociedad anónima",27256,"Chihuahua, Ciudad Juárez","Proyecto, calculo, diseño, planeación, contratación, subcontratación y demas actividades relacionadas con la industria de la construcción urbanización y fraccionamiento", Eduardo Fuentes
"Velo Urbanizadora, sociedad anónima de capital variable",39146,"Chihuahua, Ciudad Juárez","Construcción y comercialización, compra y venta de fraccionamientos, urbanización, arrendamiento, administración en general, la explotación comercial, así como la prestación de los servicios de proyección, diseño, supervisión y ejecución de toda clase de obras de construcción y urbanización",Jorge Luis Vera Díaz
"Velo Urbanizadora, sociedad anónima de capital variable",39146,"Chihuahua, Ciudad Juárez","Construcción y comercialización, compra y venta de fraccionamientos, urbanización, arrendamiento, administración en general, la explotación comercial, así como la prestación de los servicios de proyección, diseño, supervisión y ejecución de toda clase de obras de construcción y urbanización", César Adrián López Loya
"Vibanco Leasing, S. A. P. I. de C. V.",42748,"Jalisco, Guadalajara","Prestación de servicios del uso o goce temporal de toda clase de ienes tanto muebles como inmuebles propiedad de esta sociedad a personas físicas y morales de cualquier índole. Compra, venta, distribución, importación, exportación y en general la comercialización y confección de todo tipo de bienes, muebles e inmuebles y servicios materia del comercio",José Luis Villaseñor Ballesteros
"Vibanco Leasing, S. A. P. I. de C. V.",42748,"Jalisco, Guadalajara","Prestación de servicios del uso o goce temporal de toda clase de ienes tanto muebles como inmuebles propiedad de esta sociedad a personas físicas y morales de cualquier índole. Compra, venta, distribución, importación, exportación y en general la comercialización y confección de todo tipo de bienes, muebles e inmuebles y servicios materia del comercio", José Luis Villaseñor García
"Vibanco Leasing, S. A. P. I. de C. V.",42748,"Jalisco, Guadalajara","Prestación de servicios del uso o goce temporal de toda clase de ienes tanto muebles como inmuebles propiedad de esta sociedad a personas físicas y morales de cualquier índole. Compra, venta, distribución, importación, exportación y en general la comercialización y confección de todo tipo de bienes, muebles e inmuebles y servicios materia del comercio", Jesús Antonio Villaseñor García
"Vibanco Leasing, S. A. P. I. de C. V.",42748,"Jalisco, Guadalajara","Prestación de servicios del uso o goce temporal de toda clase de ienes tanto muebles como inmuebles propiedad de esta sociedad a personas físicas y morales de cualquier índole. Compra, venta, distribución, importación, exportación y en general la comercialización y confección de todo tipo de bienes, muebles e inmuebles y servicios materia del comercio", Germán Villaseñor García
"Vibanco Leasing, S. A. P. I. de C. V.",42748,"Jalisco, Guadalajara","Prestación de servicios del uso o goce temporal de toda clase de ienes tanto muebles como inmuebles propiedad de esta sociedad a personas físicas y morales de cualquier índole. Compra, venta, distribución, importación, exportación y en general la comercialización y confección de todo tipo de bienes, muebles e inmuebles y servicios materia del comercio", Carlos Eduardo Villaseñor García
Viga y Lámina sociedad anónima de capital variable,31685,"Chihuahua, Chihuahua","Compra venta, distribución de materias primas y elaborados para la industria de la construcción de productos del acero de alumnio, maderas en general, laminados, pañales, triplay, ferretería en general",Mauricio Alberto Plesant Mathieu
Viga y Lámina sociedad anónima de capital variable,31685,"Chihuahua, Chihuahua","Compra venta, distribución de materias primas y elaborados para la industria de la construcción de productos del acero de alumnio, maderas en general, laminados, pañales, triplay, ferretería en general", Dinora Aide Cantú Garza
Viga y Lámina sociedad anónima de capital variable,31685,"Chihuahua, Chihuahua","Compra venta, distribución de materias primas y elaborados para la industria de la construcción de productos del acero de alumnio, maderas en general, laminados, pañales, triplay, ferretería en general", Mario Antonio Ibarra Montilla
Viga y Lámina sociedad anónima de capital variable,31685,"Chihuahua, Chihuahua","Compra venta, distribución de materias primas y elaborados para la industria de la construcción de productos del acero de alumnio, maderas en general, laminados, pañales, triplay, ferretería en general", Graciela Piñón Urbina
Viga y Lámina sociedad anónima de capital variable,31685,"Chihuahua, Chihuahua","Compra venta, distribución de materias primas y elaborados para la industria de la construcción de productos del acero de alumnio, maderas en general, laminados, pañales, triplay, ferretería en general", Ramiro Arroyos García
